2026-08-13 10:34:48,085 [INFO] Activator:176 - 


2026-08-13 10:34:48,086 [INFO] Activator:177 - !SESSION log4j initialized
2026-08-13 10:34:51,209 [INFO] LogOutputStream:77 - [STDOUT_REDIRECT] 
2026-08-13 10:34:53,462 [INFO] ApplicationProperties:184 - Using Application install path: C:\ST\STM32CubeIDE_1.19.0\STM32CubeIDE\plugins\com.st.stm32cube.common.mx_6.15.0.202507011659
2026-08-13 10:34:53,492 [INFO] DbMcusXml:78 - Set database path to: C:\ST\STM32CubeIDE_1.19.0\STM32CubeIDE\plugins\com.st.stm32cube.common.mx_6.15.0.202507011659\\db\/mcu/
2026-08-13 10:34:53,492 [INFO] ApiDb:274 - Set plugin database path to: C:\ST\STM32CubeIDE_1.19.0\STM32CubeIDE\plugins\com.st.stm32cube.common.mx_6.15.0.202507011659\\db\/plugins/boardmanager/
2026-08-13 10:34:53,493 [WARN] ApiDb:259 - Overriding images path with different value:  => C:\ST\STM32CubeIDE_1.19.0\STM32CubeIDE\plugins\com.st.stm32cube.common.mx_6.15.0.202507011659\\db\/plugins/mcufinder/images/
2026-08-13 10:34:53,503 [INFO] ApiDb:250 - Set database path to: C:\Users\amans\.stmcufinder\plugins\mcufinder//mcu/
2026-08-13 10:34:53,505 [INFO] DbMcusAds:125 - Set database path to: C:\Users\amans\.stmcufinder\plugins\mcufinder//mcu/
2026-08-13 10:34:53,508 [INFO] CrossReferenceDbSqlite:203 - Set database path to: C:\Users\amans\.stmcufinder\plugins\mcufinder//mcu/cs/
2026-08-13 10:34:53,668 [INFO] RulesReader:64 - Compatibility file has been processed (317 Rules)
2026-08-13 10:34:53,805 [INFO] DbMcusXml:78 - Set database path to: C:\ST\STM32CubeIDE_1.19.0\STM32CubeIDE\plugins\com.st.stm32cube.common.mx_6.15.0.202507011659\\db\/mcu/
2026-08-13 10:34:53,805 [INFO] ApiDb:274 - Set plugin database path to: C:\ST\STM32CubeIDE_1.19.0\STM32CubeIDE\plugins\com.st.stm32cube.common.mx_6.15.0.202507011659\\db\/plugins/boardmanager/
2026-08-13 10:34:53,805 [INFO] ApiDb:261 - Set plugin images path to: C:\ST\STM32CubeIDE_1.19.0\STM32CubeIDE\plugins\com.st.stm32cube.common.mx_6.15.0.202507011659\\db\/plugins/mcufinder/images/
2026-08-13 10:34:53,806 [WARN] DbFile:41 - Overriding database path with different value: C:\Users\amans\.stmcufinder\plugins\mcufinder/ => C:\Users\amans\.stmcufinder\plugins\mcufinder
2026-08-13 10:34:53,806 [INFO] ApiDb:250 - Set database path to: C:\Users\amans\.stmcufinder\plugins\mcufinder//mcu/
2026-08-13 10:34:53,806 [WARN] DbFile:41 - Overriding database path with different value: C:\Users\amans\.stmcufinder\plugins\mcufinder/ => C:\Users\amans\.stmcufinder\plugins\mcufinder
2026-08-13 10:34:53,806 [INFO] DbMcusAds:125 - Set database path to: C:\Users\amans\.stmcufinder\plugins\mcufinder//mcu/
2026-08-13 10:34:53,806 [WARN] DbFile:41 - Overriding database path with different value: C:\Users\amans\.stmcufinder\plugins\mcufinder/ => C:\Users\amans\.stmcufinder\plugins\mcufinder
2026-08-13 10:34:53,807 [WARN] DbFile:41 - Overriding database path with different value: C:\Users\amans\.stmcufinder\plugins\mcufinder/ => C:\Users\amans\.stmcufinder\plugins\mcufinder
2026-08-13 10:34:53,807 [INFO] CrossReferenceDbSqlite:203 - Set database path to: C:\Users\amans\.stmcufinder\plugins\mcufinder//mcu/cs/
2026-08-13 10:34:53,932 [INFO] MainPanel:274 - HeapMemory: 268435456
2026-08-13 10:34:54,067 [INFO] DbMcusXml:78 - Set database path to: C:\ST\STM32CubeIDE_1.19.0\STM32CubeIDE\plugins\com.st.stm32cube.common.mx_6.15.0.202507011659\\db\/mcu/
2026-08-13 10:34:54,068 [INFO] ApiDb:274 - Set plugin database path to: C:\ST\STM32CubeIDE_1.19.0\STM32CubeIDE\plugins\com.st.stm32cube.common.mx_6.15.0.202507011659\\db\/plugins/boardmanager/
2026-08-13 10:34:54,068 [INFO] ApiDb:261 - Set plugin images path to: C:\ST\STM32CubeIDE_1.19.0\STM32CubeIDE\plugins\com.st.stm32cube.common.mx_6.15.0.202507011659\\db\/plugins/mcufinder/images/
2026-08-13 10:34:54,068 [WARN] DbFile:41 - Overriding database path with different value: C:\Users\amans\.stmcufinder\plugins\mcufinder/ => C:\Users\amans\.stmcufinder\plugins\mcufinder
2026-08-13 10:34:54,068 [INFO] ApiDb:250 - Set database path to: C:\Users\amans\.stmcufinder\plugins\mcufinder//mcu/
2026-08-13 10:34:54,068 [WARN] DbFile:41 - Overriding database path with different value: C:\Users\amans\.stmcufinder\plugins\mcufinder/ => C:\Users\amans\.stmcufinder\plugins\mcufinder
2026-08-13 10:34:54,068 [INFO] DbMcusAds:125 - Set database path to: C:\Users\amans\.stmcufinder\plugins\mcufinder//mcu/
2026-08-13 10:34:54,068 [WARN] DbFile:41 - Overriding database path with different value: C:\Users\amans\.stmcufinder\plugins\mcufinder/ => C:\Users\amans\.stmcufinder\plugins\mcufinder
2026-08-13 10:34:54,069 [WARN] DbFile:41 - Overriding database path with different value: C:\Users\amans\.stmcufinder\plugins\mcufinder/ => C:\Users\amans\.stmcufinder\plugins\mcufinder
2026-08-13 10:34:54,069 [INFO] CrossReferenceDbSqlite:203 - Set database path to: C:\Users\amans\.stmcufinder\plugins\mcufinder//mcu/cs/
2026-08-13 10:34:54,090 [INFO] ApplicationProperties:184 - Using Application install path: C:\ST\STM32CubeIDE_1.19.0\STM32CubeIDE\plugins\com.st.stm32cube.common.mx_6.15.0.202507011659
2026-08-13 10:34:54,092 [INFO] PluginManage:196 - Search for loadable plugins [exclusion list=, ]
2026-08-13 10:34:54,094 [INFO] PluginManage:310 - Check plugin analytics
2026-08-13 10:34:54,354 [INFO] AnalyticsPlugin:253 - Accepted Software Licenses: STM32CubeMX.6.18.1
2026-08-13 10:34:54,355 [INFO] AnalyticsPlugin:255 - Accepted CMSIS Pack Licenses: 
2026-08-13 10:34:54,355 [INFO] AnalyticsPlugin:257 - Accepted Firmware Licenses: FW.F4.1.28.0
2026-08-13 10:34:54,358 [INFO] PluginManage:359 - Loaded plugin analytics (category:tool,tabindex:-1)
2026-08-13 10:34:54,359 [INFO] PluginManage:310 - Check plugin cadmodel
2026-08-13 10:34:54,369 [INFO] CADModel:105 - Init CAD model plugin
2026-08-13 10:34:54,369 [INFO] PluginManage:359 - Loaded plugin cadmodel (category:power,tabindex:5)
2026-08-13 10:34:54,369 [INFO] PluginManage:310 - Check plugin clock
2026-08-13 10:34:54,382 [INFO] PluginManage:359 - Loaded plugin clock (category:base,tabindex:2)
2026-08-13 10:34:54,383 [INFO] PluginManage:310 - Check plugin ddr
2026-08-13 10:34:54,388 [INFO] PluginManage:359 - Loaded plugin ddr (category:tool,tabindex:6)
2026-08-13 10:34:54,389 [INFO] PluginManage:310 - Check plugin filemanager
2026-08-13 10:34:54,642 [INFO] PluginManage:359 - Loaded plugin filemanager (category:base,tabindex:10)
2026-08-13 10:34:54,643 [INFO] PluginManage:310 - Check plugin ipmanager
2026-08-13 10:34:54,658 [INFO] PluginManage:359 - Loaded plugin ipmanager (category:base,tabindex:5)
2026-08-13 10:34:54,658 [INFO] PluginManage:310 - Check plugin lpbam
2026-08-13 10:34:54,673 [INFO] PluginManage:359 - Loaded plugin lpbam (category:base,tabindex:0)
2026-08-13 10:34:54,674 [INFO] PluginManage:310 - Check plugin memorymap
2026-08-13 10:34:54,700 [INFO] PluginManage:359 - Loaded plugin memorymap (category:base,tabindex:4)
2026-08-13 10:34:54,701 [INFO] PluginManage:310 - Check plugin pinoutandconfiguration
2026-08-13 10:34:54,715 [INFO] PluginManage:359 - Loaded plugin pinoutandconfiguration (category:base,tabindex:1)
2026-08-13 10:34:54,715 [INFO] PluginManage:310 - Check plugin pinoutconfig
2026-08-13 10:34:54,805 [WARN] SupportedApi:132 - Cannot load RTOS API schema: s4s-elt-must-match.1: The content of 'definitions' must match (annotation?, (simpleType | complexType)?, (unique | key | keyref)*)). A problem was found starting at: attribute.
2026-08-13 10:34:54,939 [INFO] PluginManage:359 - Loaded plugin pinoutconfig (category:base,tabindex:0)
2026-08-13 10:34:54,939 [INFO] PluginManage:310 - Check plugin power
2026-08-13 10:34:54,948 [INFO] PluginManage:359 - Loaded plugin power (category:power,tabindex:4)
2026-08-13 10:34:54,948 [INFO] PluginManage:310 - Check plugin projectmanager
2026-08-13 10:34:54,965 [INFO] PluginManage:359 - Loaded plugin projectmanager (category:projectmanager,tabindex:4)
2026-08-13 10:34:54,965 [INFO] PluginManage:310 - Check plugin rif
2026-08-13 10:34:54,975 [INFO] PluginManage:359 - Loaded plugin rif (category:base,tabindex:3)
2026-08-13 10:34:54,975 [INFO] PluginManage:310 - Check plugin thirdparty
2026-08-13 10:34:55,146 [INFO] PluginManage:359 - Loaded plugin thirdparty (category:base,tabindex:-1)
2026-08-13 10:34:55,146 [WARN] IntegrityCheckThread:84 - waiting for thirdparty lock release [integrity check]
2026-08-13 10:34:55,147 [INFO] IntegrityCheckThread:86 - entering critical section [integrity check]
2026-08-13 10:34:55,147 [INFO] PluginManage:310 - Check plugin tools
2026-08-13 10:34:55,148 [INFO] ThirdPartyUpdaterWithRetryManager:70 - Updater plugin not ready yet. [1/15]
2026-08-13 10:34:55,152 [INFO] PluginManage:359 - Loaded plugin tools (category:base,tabindex:7)
2026-08-13 10:34:55,152 [INFO] PluginManage:310 - Check plugin tutovideos
2026-08-13 10:34:55,368 [INFO] PluginManage:359 - Loaded plugin tutovideos (category:base,tabindex:-1)
2026-08-13 10:34:55,368 [INFO] PluginManage:310 - Check plugin updater
2026-08-13 10:34:55,395 [INFO] PluginManage:359 - Loaded plugin updater (category:base,tabindex:12)
2026-08-13 10:34:55,395 [INFO] PluginManage:310 - Check plugin userauth
2026-08-13 10:34:55,402 [INFO] UserAuth:118 - Init User Auth plugin
2026-08-13 10:34:55,403 [INFO] PluginManage:359 - Loaded plugin userauth (category:base,tabindex:14)
2026-08-13 10:34:55,404 [INFO] PluginManage:283 - PluginManage : Loaded plugins [18]
2026-08-13 10:34:55,685 [INFO] PinOutPanel:1589 - setPackage(No Configuration,No Configuration)
2026-08-13 10:34:55,792 [INFO] CADModel:165 - CPN selected for project level
2026-08-13 10:34:55,792 [INFO] CADModel:114 - Register for checkConnection events
2026-08-13 10:34:55,810 [INFO] IPUIPlugin:80 - create IPUIPlugin
2026-08-13 10:34:55,810 [INFO] PluginManager:220 - loadIPPluginJar : add adc
2026-08-13 10:34:55,813 [INFO] IPUIPlugin:80 - create IPUIPlugin
2026-08-13 10:34:55,814 [INFO] PluginManager:220 - loadIPPluginJar : add aes
2026-08-13 10:34:55,817 [INFO] IPUIPlugin:80 - create IPUIPlugin
2026-08-13 10:34:55,817 [INFO] PluginManager:220 - loadIPPluginJar : add can
2026-08-13 10:34:55,819 [INFO] IPUIPlugin:80 - create IPUIPlugin
2026-08-13 10:34:55,819 [INFO] PluginManager:220 - loadIPPluginJar : add comp
2026-08-13 10:34:55,822 [INFO] IPUIPlugin:80 - create IPUIPlugin
2026-08-13 10:34:55,822 [INFO] PluginManager:220 - loadIPPluginJar : add cryp
2026-08-13 10:34:55,825 [INFO] IPUIPlugin:80 - create IPUIPlugin
2026-08-13 10:34:55,825 [INFO] PluginManager:220 - loadIPPluginJar : add ddr_ctrl_phy
2026-08-13 10:34:55,827 [INFO] IPUIPlugin:80 - create IPUIPlugin
2026-08-13 10:34:55,827 [INFO] PluginManager:220 - loadIPPluginJar : add dfsdm
2026-08-13 10:34:55,833 [INFO] IPUIPlugin:80 - create IPUIPlugin
2026-08-13 10:34:55,834 [INFO] PluginManager:220 - loadIPPluginJar : add dma
2026-08-13 10:34:55,836 [INFO] IPUIPlugin:80 - create IPUIPlugin
2026-08-13 10:34:55,836 [INFO] PluginManager:220 - loadIPPluginJar : add dma3
2026-08-13 10:34:55,838 [INFO] IPUIPlugin:80 - create IPUIPlugin
2026-08-13 10:34:55,838 [INFO] PluginManager:220 - loadIPPluginJar : add extmemmanager
2026-08-13 10:34:55,840 [INFO] IPUIPlugin:80 - create IPUIPlugin
2026-08-13 10:34:55,840 [INFO] PluginManager:220 - loadIPPluginJar : add fatfs
2026-08-13 10:34:55,844 [INFO] IPUIPlugin:80 - create IPUIPlugin
2026-08-13 10:34:55,844 [INFO] PluginManager:220 - loadIPPluginJar : add fmc
2026-08-13 10:34:55,851 [INFO] IPUIPlugin:80 - create IPUIPlugin
2026-08-13 10:34:55,851 [INFO] PluginManager:220 - loadIPPluginJar : add freertos
2026-08-13 10:34:55,853 [INFO] IPUIPlugin:80 - create IPUIPlugin
2026-08-13 10:34:55,853 [INFO] PluginManager:220 - loadIPPluginJar : add genericplugin
2026-08-13 10:34:55,855 [INFO] IPUIPlugin:80 - create IPUIPlugin
2026-08-13 10:34:55,855 [INFO] PluginManager:220 - loadIPPluginJar : add gfxmmu
2026-08-13 10:34:55,861 [INFO] IPUIPlugin:80 - create IPUIPlugin
2026-08-13 10:34:55,861 [INFO] PluginManager:220 - loadIPPluginJar : add gic
2026-08-13 10:34:55,868 [INFO] IPUIPlugin:80 - create IPUIPlugin
2026-08-13 10:34:55,868 [INFO] PluginManager:220 - loadIPPluginJar : add gpio
2026-08-13 10:34:55,871 [INFO] IPUIPlugin:80 - create IPUIPlugin
2026-08-13 10:34:55,871 [INFO] PluginManager:220 - loadIPPluginJar : add gtzc
2026-08-13 10:34:55,873 [INFO] IPUIPlugin:80 - create IPUIPlugin
2026-08-13 10:34:55,873 [INFO] PluginManager:220 - loadIPPluginJar : add hash
2026-08-13 10:34:55,876 [INFO] IPUIPlugin:80 - create IPUIPlugin
2026-08-13 10:34:55,877 [INFO] PluginManager:220 - loadIPPluginJar : add i2c
2026-08-13 10:34:55,880 [INFO] IPUIPlugin:80 - create IPUIPlugin
2026-08-13 10:34:55,881 [INFO] PluginManager:220 - loadIPPluginJar : add i2s
2026-08-13 10:34:55,884 [INFO] IPUIPlugin:80 - create IPUIPlugin
2026-08-13 10:34:55,884 [INFO] PluginManager:220 - loadIPPluginJar : add i3c
2026-08-13 10:34:55,889 [INFO] IPUIPlugin:80 - create IPUIPlugin
2026-08-13 10:34:55,889 [INFO] PluginManager:220 - loadIPPluginJar : add ipddr
2026-08-13 10:34:55,898 [INFO] IPUIPlugin:80 - create IPUIPlugin
2026-08-13 10:34:55,899 [INFO] PluginManager:220 - loadIPPluginJar : add linkedlist
2026-08-13 10:34:55,902 [INFO] IPUIPlugin:80 - create IPUIPlugin
2026-08-13 10:34:55,902 [INFO] PluginManager:220 - loadIPPluginJar : add lorawan
2026-08-13 10:34:55,904 [INFO] IPUIPlugin:80 - create IPUIPlugin
2026-08-13 10:34:55,904 [INFO] PluginManager:220 - loadIPPluginJar : add ltdc
2026-08-13 10:34:55,912 [INFO] IPUIPlugin:80 - create IPUIPlugin
2026-08-13 10:34:55,912 [INFO] PluginManager:220 - loadIPPluginJar : add mdma
2026-08-13 10:34:55,917 [INFO] IPUIPlugin:80 - create IPUIPlugin
2026-08-13 10:34:55,917 [INFO] PluginManager:220 - loadIPPluginJar : add nvic
2026-08-13 10:34:55,921 [INFO] IPUIPlugin:80 - create IPUIPlugin
2026-08-13 10:34:55,921 [INFO] PluginManager:220 - loadIPPluginJar : add opamp
2026-08-13 10:34:55,926 [INFO] IPUIPlugin:80 - create IPUIPlugin
2026-08-13 10:34:55,926 [INFO] PluginManager:220 - loadIPPluginJar : add openamp
2026-08-13 10:34:55,931 [INFO] IPUIPlugin:80 - create IPUIPlugin
2026-08-13 10:34:55,931 [INFO] PluginManager:220 - loadIPPluginJar : add pdm2pcm
2026-08-13 10:34:55,938 [INFO] IPUIPlugin:80 - create IPUIPlugin
2026-08-13 10:34:55,942 [INFO] PluginManager:220 - loadIPPluginJar : add plateformsettings
2026-08-13 10:34:55,944 [INFO] IPUIPlugin:80 - create IPUIPlugin
2026-08-13 10:34:55,944 [INFO] PluginManager:220 - loadIPPluginJar : add quadspi
2026-08-13 10:34:55,947 [INFO] IPUIPlugin:80 - create IPUIPlugin
2026-08-13 10:34:55,948 [INFO] PluginManager:220 - loadIPPluginJar : add radio
2026-08-13 10:34:55,951 [INFO] IPUIPlugin:80 - create IPUIPlugin
2026-08-13 10:34:55,952 [INFO] PluginManager:220 - loadIPPluginJar : add resmgrutility
2026-08-13 10:34:55,955 [INFO] IPUIPlugin:80 - create IPUIPlugin
2026-08-13 10:34:55,955 [INFO] PluginManager:220 - loadIPPluginJar : add sai
2026-08-13 10:34:55,958 [INFO] IPUIPlugin:80 - create IPUIPlugin
2026-08-13 10:34:55,958 [INFO] PluginManager:220 - loadIPPluginJar : add spi
2026-08-13 10:34:55,964 [INFO] IPUIPlugin:80 - create IPUIPlugin
2026-08-13 10:34:55,965 [INFO] PluginManager:220 - loadIPPluginJar : add stm32_wpan
2026-08-13 10:34:55,966 [INFO] IPUIPlugin:80 - create IPUIPlugin
2026-08-13 10:34:55,967 [INFO] PluginManager:220 - loadIPPluginJar : add tim
2026-08-13 10:34:55,970 [INFO] IPUIPlugin:80 - create IPUIPlugin
2026-08-13 10:34:55,970 [INFO] PluginManager:220 - loadIPPluginJar : add touchsensing
2026-08-13 10:34:55,972 [INFO] IPUIPlugin:80 - create IPUIPlugin
2026-08-13 10:34:55,972 [INFO] PluginManager:220 - loadIPPluginJar : add tracer_emb
2026-08-13 10:34:55,975 [INFO] IPUIPlugin:80 - create IPUIPlugin
2026-08-13 10:34:55,975 [INFO] PluginManager:220 - loadIPPluginJar : add ts
2026-08-13 10:34:55,976 [INFO] IPUIPlugin:80 - create IPUIPlugin
2026-08-13 10:34:55,976 [INFO] PluginManager:220 - loadIPPluginJar : add tsc
2026-08-13 10:34:55,978 [INFO] IPUIPlugin:80 - create IPUIPlugin
2026-08-13 10:34:55,978 [INFO] PluginManager:220 - loadIPPluginJar : add ucpd
2026-08-13 10:34:55,981 [INFO] IPUIPlugin:80 - create IPUIPlugin
2026-08-13 10:34:55,981 [INFO] PluginManager:220 - loadIPPluginJar : add usart
2026-08-13 10:34:55,984 [INFO] IPUIPlugin:80 - create IPUIPlugin
2026-08-13 10:34:55,984 [INFO] PluginManager:220 - loadIPPluginJar : add usbx
2026-08-13 10:34:56,114 [FATAL] Updater:351 - Updater called before beeing initialized
2026-08-13 10:34:56,142 [INFO] RulesReader:64 - Compatibility file has been processed (317 Rules)
2026-08-13 10:34:56,156 [INFO] RulesReader:64 - Compatibility file has been processed (317 Rules)
2026-08-13 10:34:56,165 [INFO] CADModel:165 - CPN selected for project level
2026-08-13 10:34:56,165 [INFO] CADModel:114 - Register for checkConnection events
2026-08-13 10:34:56,165 [FATAL] Updater:351 - Updater called before beeing initialized
2026-08-13 10:34:56,165 [ERROR] CADModel:125 - Updater not yet initialized, retry later 
2026-08-13 10:34:56,310 [FATAL] Updater:351 - Updater called before beeing initialized
2026-08-13 10:34:56,312 [INFO] CADModel:165 - CPN selected for project level
2026-08-13 10:34:56,312 [INFO] CADModel:114 - Register for checkConnection events
2026-08-13 10:34:56,312 [FATAL] Updater:351 - Updater called before beeing initialized
2026-08-13 10:34:56,312 [ERROR] CADModel:125 - Updater not yet initialized, retry later 
2026-08-13 10:34:56,315 [FATAL] Updater:351 - Updater called before beeing initialized
2026-08-13 10:34:56,438 [FATAL] Updater:351 - Updater called before beeing initialized
2026-08-13 10:34:56,442 [INFO] DbMcusAds:53 - JSON generation date=Wed Jul 15 15:14:54 IST 2026 (1784108694001)
2026-08-13 10:34:56,442 [FATAL] Updater:351 - Updater called before beeing initialized
2026-08-13 10:34:56,475 [WARN] DetailPanel:346 - Failed to get advertising image, set to default
2026-08-13 10:34:56,553 [FATAL] Updater:351 - Updater called before beeing initialized
2026-08-13 10:34:56,555 [FATAL] Updater:351 - Updater called before beeing initialized
2026-08-13 10:34:56,555 [FATAL] Updater:351 - Updater called before beeing initialized
2026-08-13 10:34:56,555 [WARN] DetailPanel:346 - Failed to get advertising image, set to default
2026-08-13 10:34:56,556 [FATAL] Updater:351 - Updater called before beeing initialized
2026-08-13 10:34:56,605 [ERROR] Updater:1198 - MainUpdater not yet initialized. External WinMGr cannot be set.
2026-08-13 10:34:56,608 [INFO] Updater:1134 - Updater Version found : 6.15.0
2026-08-13 10:34:56,624 [INFO] ApplicationProperties:184 - Using Application install path: C:\ST\STM32CubeIDE_1.19.0\STM32CubeIDE\plugins\com.st.stm32cube.common.mx_6.15.0.202507011659
2026-08-13 10:34:58,149 [INFO] ThirdPartyUpdaterWithRetryManager:70 - Updater plugin not ready yet. [2/15]
2026-08-13 10:34:58,200 [ERROR] LogOutputStream:75 - [STDERR_REDIRECT] Aug 13, 2026 10:34:58 AM java.util.prefs.WindowsPreferences <init>
2026-08-13 10:34:58,201 [ERROR] LogOutputStream:75 - [STDERR_REDIRECT] WARNING: Could not open/create prefs root node Software\JavaSoft\Prefs at root 0xffffffff80000002. Windows RegCreateKeyEx(...) returned error code 5.
2026-08-13 10:34:58,201 [ERROR] LogOutputStream:75 - [STDERR_REDIRECT] 
2026-08-13 10:34:58,685 [INFO] MainUpdater:2872 - connection check result : 10
2026-08-13 10:34:58,687 [INFO] MainUpdater:289 - Updater Check For Update Now.
2026-08-13 10:34:58,687 [INFO] MicroXplorer:498 - Change Database Version : DB.6.0.150
2026-08-13 10:34:58,695 [INFO] McuFinderGlobals:63 - Set McuFinder mode to 2 (CubeIDE integrated)
2026-08-13 10:34:58,696 [INFO] UserAuth:487 - Internet connection configuration mode: 1
2026-08-13 10:34:58,734 [INFO] JxBrowserEngine:152 - Initiate JxBrowser Engine with user profile folder
2026-08-13 10:34:58,919 [INFO] CheckServerUpdateThread:120 - End of CheckServer Thread
2026-08-13 10:34:59,706 [INFO] WebApp:169 - Instantiating new browser for Auth
2026-08-13 10:35:00,862 [INFO] WebApp:463 - Apply proxy settings
2026-08-13 10:35:00,863 [INFO] WebApp:548 - Chromium requires no authentication
2026-08-13 10:35:00,883 [INFO] WebApp:491 - Direct internet connection detected
2026-08-13 10:35:00,917 [INFO] WebApp:900 - Register for checkConnection events
2026-08-13 10:35:00,918 [INFO] WebApp:463 - Apply proxy settings
2026-08-13 10:35:00,918 [INFO] WebApp:548 - Chromium requires no authentication
2026-08-13 10:35:00,918 [INFO] WebApp:491 - Direct internet connection detected
2026-08-13 10:35:01,123 [INFO] WebApp:225 - Starting web application
2026-08-13 10:35:01,123 [INFO] WebApp:593 - Web application path used C:\ST\STM32CubeIDE_1.19.0\STM32CubeIDE\plugins\com.st.stm32cube.common.mx_6.15.0.202507011659\db\plugins\mcufinder\reactClient1\index.html
2026-08-13 10:35:01,383 [INFO] UserAuth:487 - Internet connection configuration mode: 1
2026-08-13 10:35:01,621 [ERROR] LogOutputStream:75 - [STDERR_REDIRECT] [Fatal Error] :1:1: Premature end of file.
2026-08-13 10:35:01,623 [ERROR] LogOutputStream:75 - [STDERR_REDIRECT] 
2026-08-13 10:35:01,787 [WARN] PackLoader:240 - Cannot read IP mode file for STMicroelectronics.X-CUBE-AZRTOS-H7.3.5.0
2026-08-13 10:35:01,793 [INFO] WebApp:191 - Connection restablished
2026-08-13 10:35:01,814 [WARN] PackLoader:240 - Cannot read IP mode file for STMicroelectronics.FP-ATR-ASTRA1.2.0.3
2026-08-13 10:35:01,834 [ERROR] Engine:466 - C:\Users\amans\.stm32cubemx\thirdparties\pdsc\STMicroelectronics.X-CUBE-SMBUS.2.1.1.pdsc: PDSC version is not supported
2026-08-13 10:35:01,882 [WARN] PackLoader:240 - Cannot read IP mode file for STMicroelectronics.X-CUBE-AZRTOS-F7.1.1.0
2026-08-13 10:35:01,913 [WARN] PackLoader:240 - Cannot read IP mode file for STMicroelectronics.X-CUBE-FREERTOS.1.6.0
2026-08-13 10:35:01,926 [WARN] PackLoader:240 - Cannot read IP mode file for STMicroelectronics.FP-SNS-MOTENV1.5.1.0
2026-08-13 10:35:01,983 [WARN] PackLoader:240 - Cannot read IP mode file for STMicroelectronics.X-CUBE-AZRTOS-H7RS.1.3.0
2026-08-13 10:35:02,009 [WARN] PackLoader:240 - Cannot read IP mode file for STMicroelectronics.X-CUBE-DISPLAY.3.0.0
2026-08-13 10:35:02,033 [WARN] PackLoader:240 - Cannot read IP mode file for STMicroelectronics.X-CUBE-GNSS1.7.1.1
2026-08-13 10:35:02,044 [WARN] PackLoader:240 - Cannot read IP mode file for STMicroelectronics.FP-SNS-MOTENVWB1.1.5.0
2026-08-13 10:35:02,083 [WARN] PackLoader:240 - Cannot read IP mode file for STMicroelectronics.X-CUBE-NFC10.1.0.0
2026-08-13 10:35:02,100 [WARN] PackLoader:240 - Cannot read IP mode file for STMicroelectronics.X-CUBE-ST60.1.1.0
2026-08-13 10:35:02,114 [WARN] PackLoader:240 - Cannot read IP mode file for emotas.I-CUBE-CANOPEN.1.3.0
2026-08-13 10:35:02,123 [WARN] PackLoader:240 - Cannot read IP mode file for wolfSSL.I-CUBE-wolfSSL.5.9.2
2026-08-13 10:35:02,129 [ERROR] Engine:466 - C:\Users\amans\.stm32cubemx\thirdparties\pdsc\STMicroelectronics.X-CUBE-WBA.1.1.0.pdsc: PDSC version is not supported
2026-08-13 10:35:02,141 [WARN] PackLoader:240 - Cannot read IP mode file for STMicroelectronics.FP-SNS-STBOX1.2.1.0
2026-08-13 10:35:02,154 [WARN] PackLoader:240 - Cannot read IP mode file for STMicroelectronics.FP-SNS-SMARTAG2.1.2.0
2026-08-13 10:35:02,164 [WARN] PackLoader:240 - Cannot read IP mode file for STMicroelectronics.FP-SNS-FLIGHT1.5.1.0
2026-08-13 10:35:02,182 [INFO] LogOutputStream:77 - [STDOUT_REDIRECT] 1 : Invalid condition id : UX_CORESTACK_Condition cause : null
2026-08-13 10:35:02,184 [INFO] LogOutputStream:77 - [STDOUT_REDIRECT] 1 : Invalid condition id : UX_CORESTACK_Condition cause : null
2026-08-13 10:35:02,186 [INFO] LogOutputStream:77 - [STDOUT_REDIRECT] 1 : Invalid condition id : UX_CORESTACK_Condition cause : null
2026-08-13 10:35:02,189 [INFO] LogOutputStream:77 - [STDOUT_REDIRECT] 1 : Invalid condition id : UX_CORESTACK_Condition cause : null
2026-08-13 10:35:02,192 [INFO] LogOutputStream:77 - [STDOUT_REDIRECT] 1 : Invalid condition id : UX_CORESTACK_Condition cause : null
2026-08-13 10:35:02,199 [WARN] PackLoader:240 - Cannot read IP mode file for STMicroelectronics.X-CUBE-AZRTOS-WL.2.0.0
2026-08-13 10:35:02,213 [WARN] PackLoader:240 - Cannot read IP mode file for STMicroelectronics.X-CUBE-BLE2.3.3.0
2026-08-13 10:35:02,295 [WARN] PackLoader:240 - Cannot read IP mode file for Infineon.AIROC-Wi-Fi-Bluetooth-STM32.1.8.0
2026-08-13 10:35:02,317 [WARN] PackLoader:240 - Cannot read IP mode file for STMicroelectronics.X-CUBE-NFC9.1.0.0
2026-08-13 10:35:02,331 [WARN] PackLoader:240 - Cannot read IP mode file for STMicroelectronics.X-CUBE-BLE1.7.1.0
2026-08-13 10:35:02,347 [WARN] PackLoader:240 - Cannot read IP mode file for wolfSSL.I-CUBE-wolfMQTT.1.19.2
2026-08-13 10:35:02,360 [WARN] PackLoader:240 - Cannot read IP mode file for STMicroelectronics.X-CUBE-EEPRMA1.5.2.0
2026-08-13 10:35:02,374 [WARN] PackLoader:240 - Cannot read IP mode file for STMicroelectronics.FP-SNS-STAIOTCFT.1.1.0
2026-08-13 10:35:02,404 [WARN] PackLoader:240 - Cannot read IP mode file for STMicroelectronics.X-CUBE-AZRTOS-G0.1.1.0
2026-08-13 10:35:02,421 [WARN] PackLoader:240 - Cannot read IP mode file for STMicroelectronics.X-CUBE-NFC4.3.0.0
2026-08-13 10:35:02,447 [WARN] PackLoader:240 - Cannot read IP mode file for EmbeddedOffice.I-CUBE-FS-RTOS.1.0.1
2026-08-13 10:35:02,456 [WARN] PackLoader:240 - Cannot read IP mode file for wolfSSL.I-CUBE-wolfTPM.3.8.0
2026-08-13 10:35:02,470 [WARN] PackLoader:240 - Cannot read IP mode file for STMicroelectronics.X-CUBE-TCPP.4.2.0
2026-08-13 10:35:02,484 [WARN] PackLoader:240 - Cannot read IP mode file for RealThread.X-CUBE-RT-Thread_Nano.4.1.1
2026-08-13 10:35:02,497 [WARN] PackLoader:240 - Cannot read IP mode file for STMicroelectronics.FP-ATR-SIGFOX1.3.2.0
2026-08-13 10:35:02,513 [WARN] PackLoader:240 - Cannot read IP mode file for ITTIA_DB.I-CUBE-ITTIADB.8.9.0
2026-08-13 10:35:02,523 [WARN] PackLoader:240 - Cannot read IP mode file for Cesanta.I-CUBE-Mongoose.7.21.7
2026-08-13 10:35:02,537 [WARN] PackLoader:240 - Cannot read IP mode file for STMicroelectronics.X-CUBE-NFC6.3.2.0
2026-08-13 10:35:02,553 [WARN] PackLoader:240 - Cannot read IP mode file for STMicroelectronics.X-CUBE-AI.10.2.1
2026-08-13 10:35:02,606 [WARN] PackLoader:240 - Cannot read IP mode file for SEGGER.I-CUBE-embOS.1.3.1
2026-08-13 10:35:02,701 [WARN] PackLoader:240 - Cannot read IP mode file for STMicroelectronics.X-CUBE-NFC13.1.0.0
2026-08-13 10:35:02,721 [WARN] PackLoader:240 - Cannot read IP mode file for STMicroelectronics.X-CUBE-PM33A1.1.0.0
2026-08-13 10:35:02,760 [WARN] PackLoader:240 - Cannot read IP mode file for STMicroelectronics.X-CUBE-AZRTOS-F4.1.1.0
2026-08-13 10:35:02,774 [WARN] PackLoader:240 - Cannot read IP mode file for STMicroelectronics.X-CUBE-ISPU.2.1.0
2026-08-13 10:35:02,841 [WARN] PackLoader:240 - Cannot read IP mode file for STMicroelectronics.X-CUBE-IPS.3.2.0
2026-08-13 10:35:02,888 [WARN] PackLoader:240 - Cannot read IP mode file for STMicroelectronics.eDS-WB_DPC_TT-BIDIR.2.1.1
2026-08-13 10:35:02,900 [WARN] PackLoader:240 - Cannot read IP mode file for STMicroelectronics.X-CUBE-NFC12.1.0.0
2026-08-13 10:35:02,935 [WARN] PackLoader:240 - Cannot read IP mode file for STMicroelectronics.X-CUBE-AZRTOS-L5.2.0.0
2026-08-13 10:35:02,953 [WARN] PackLoader:240 - Cannot read IP mode file for STMicroelectronics.X-CUBE-ALGOBUILD.1.5.0
2026-08-13 10:35:02,960 [WARN] PackLoader:240 - Cannot read IP mode file for STMicroelectronics.eDS-WB_DPC_VIENNA.1.2.0
2026-08-13 10:35:03,049 [WARN] PackLoader:240 - Cannot read IP mode file for STMicroelectronics.X-CUBE-MEMS1.13.0.0
2026-08-13 10:35:03,198 [WARN] PackLoader:240 - Cannot read IP mode file for STMicroelectronics.eDS-WB_DPC_3PH2L-BIDIR.1.1.1
2026-08-13 10:35:03,205 [ERROR] Engine:466 - C:\Users\amans\.stm32cubemx\thirdparties\pdsc\STMicroelectronics.X-CUBE-ST67W61.1.3.0.pdsc: PDSC version is not supported
2026-08-13 10:35:03,214 [WARN] PackLoader:240 - Cannot read IP mode file for STMicroelectronics.X-CUBE-TOUCHGFX.4.26.1
2026-08-13 10:35:03,224 [WARN] PackLoader:240 - Cannot read IP mode file for STMicroelectronics.X-CUBE-DPower.1.3.0
2026-08-13 10:35:03,251 [WARN] ConditionMgr:438 - getConditionDescription Invalid condition id : LAN8742 Phy interface Condition cause : null
2026-08-13 10:35:03,252 [WARN] PackLoader:240 - Cannot read IP mode file for STMicroelectronics.X-CUBE-AZRTOS-L4.2.0.0
2026-08-13 10:35:03,255 [WARN] ConditionMgr:1044 - genDependencies : Invalid condition id : LAN8742 Phy interface Condition cause : null
2026-08-13 10:35:03,255 [WARN] ConditionMgr:1044 - genDependencies : Invalid condition id : LAN8742 Phy interface Condition cause : null
2026-08-13 10:35:03,256 [WARN] ConditionMgr:1044 - genDependencies : Invalid condition id : LAN8742 Phy interface Condition cause : null
2026-08-13 10:35:03,269 [WARN] PackLoader:240 - Cannot read IP mode file for STMicroelectronics.X-CUBE-SFXS2LP1.4.0.0
2026-08-13 10:35:03,279 [WARN] PackLoader:240 - Cannot read IP mode file for STMicroelectronics.X-CUBE-WB05N.2.1.0
2026-08-13 10:35:03,299 [WARN] ConditionMgr:438 - getConditionDescription Invalid condition id : UX DEVICE CLASS RTOS Condition cause : null
2026-08-13 10:35:03,300 [WARN] ConditionMgr:438 - getConditionDescription Invalid condition id : UX DEVICE CLASS RTOS Condition cause : null
2026-08-13 10:35:03,304 [WARN] PackLoader:240 - Cannot read IP mode file for STMicroelectronics.X-CUBE-AZRTOS-WB.2.0.0
2026-08-13 10:35:03,306 [WARN] ConditionMgr:1044 - genDependencies : Invalid condition id : UX DEVICE CLASS RTOS Condition cause : null
2026-08-13 10:35:03,313 [WARN] ConditionMgr:1044 - genDependencies : Invalid condition id : UX DEVICE CLASS RTOS Condition cause : null
2026-08-13 10:35:03,314 [WARN] ConditionMgr:1044 - genDependencies : Invalid condition id : UX DEVICE CLASS RTOS Condition cause : null
2026-08-13 10:35:03,315 [WARN] ConditionMgr:1044 - genDependencies : Invalid condition id : UX DEVICE CLASS RTOS Condition cause : null
2026-08-13 10:35:03,315 [WARN] ConditionMgr:1044 - genDependencies : Invalid condition id : UX DEVICE CLASS RTOS Condition cause : null
2026-08-13 10:35:03,326 [WARN] ConditionMgr:438 - getConditionDescription Invalid condition id : Cortex-A Device cause : null
2026-08-13 10:35:03,352 [WARN] ConditionMgr:1044 - genDependencies : Invalid condition id : Cortex-A Device cause : null
2026-08-13 10:35:03,352 [WARN] ConditionMgr:1044 - genDependencies : Invalid condition id : Cortex-A Device cause : null
2026-08-13 10:35:03,352 [WARN] ConditionMgr:1044 - genDependencies : Invalid condition id : Cortex-A Device cause : null
2026-08-13 10:35:03,364 [WARN] PackLoader:240 - Cannot read IP mode file for STMicroelectronics.X-CUBE-STSE01.2.0.0
2026-08-13 10:35:03,387 [WARN] PackLoader:240 - Cannot read IP mode file for STMicroelectronics.X-CUBE-SUBG2.5.0.0
2026-08-13 10:35:03,423 [WARN] PackLoader:240 - Cannot read IP mode file for STMicroelectronics.X-CUBE-AZRTOS-G4.2.0.0
2026-08-13 10:35:03,444 [WARN] PackLoader:240 - Cannot read IP mode file for wolfSSL.I-CUBE-wolfSSH.1.4.20
2026-08-13 10:35:03,457 [WARN] PackLoader:240 - Cannot read IP mode file for STMicroelectronics.X-CUBE-NFC7.2.0.0
2026-08-13 10:35:03,468 [ERROR] Engine:466 - C:\Users\amans\.stm32cubemx\thirdparties\pdsc\STMicroelectronics.X-CUBE-BLEMGR.4.2.0.pdsc: PDSC version is not supported
2026-08-13 10:35:03,475 [WARN] PackLoader:240 - Cannot read IP mode file for STMicroelectronics.X-CUBE-ALS.1.0.2
2026-08-13 10:35:03,492 [WARN] PackLoader:240 - Cannot read IP mode file for STMicroelectronics.X-CUBE-TOF1.3.4.3
2026-08-13 10:35:03,511 [INFO] ThirdParty:978 - Integrity check success = true
2026-08-13 10:35:03,512 [INFO] IntegrityCheckThread:100 - exiting critical section [integrity check]
2026-08-13 10:35:03,512 [INFO] IntegrityCheckThread:103 - End integrity checks thread
2026-08-13 10:35:03,991 [ERROR] LogOutputStream:75 - [STDERR_REDIRECT] [Fatal Error] :1:1: Premature end of file.
2026-08-13 10:35:03,992 [ERROR] LogOutputStream:75 - [STDERR_REDIRECT] 
2026-08-13 10:35:04,079 [ERROR] LogOutputStream:75 - [STDERR_REDIRECT] [Fatal Error] :1:1: Premature end of file.
2026-08-13 10:35:04,080 [ERROR] LogOutputStream:75 - [STDERR_REDIRECT] 
2026-08-13 10:35:04,499 [ERROR] LogOutputStream:75 - [STDERR_REDIRECT] [Fatal Error] :1:1: Premature end of file.
2026-08-13 10:35:04,500 [ERROR] LogOutputStream:75 - [STDERR_REDIRECT] 
2026-08-13 10:35:05,510 [ERROR] LogOutputStream:75 - [STDERR_REDIRECT] [Fatal Error] :1:1: Premature end of file.
2026-08-13 10:35:05,511 [ERROR] LogOutputStream:75 - [STDERR_REDIRECT] 
2026-08-13 10:35:06,481 [ERROR] LogOutputStream:75 - [STDERR_REDIRECT] [Fatal Error] :1:1: Premature end of file.
2026-08-13 10:35:06,481 [ERROR] LogOutputStream:75 - [STDERR_REDIRECT] 
2026-08-13 10:35:07,481 [ERROR] LogOutputStream:75 - [STDERR_REDIRECT] [Fatal Error] :1:1: Premature end of file.
2026-08-13 10:35:07,481 [ERROR] LogOutputStream:75 - [STDERR_REDIRECT] 
2026-08-13 10:35:08,483 [ERROR] LogOutputStream:75 - [STDERR_REDIRECT] [Fatal Error] :1:1: Premature end of file.
2026-08-13 10:35:08,483 [ERROR] LogOutputStream:75 - [STDERR_REDIRECT] 
2026-08-13 10:35:09,481 [ERROR] LogOutputStream:75 - [STDERR_REDIRECT] [Fatal Error] :1:1: Premature end of file.
2026-08-13 10:35:09,481 [ERROR] LogOutputStream:75 - [STDERR_REDIRECT] 
2026-08-13 10:35:10,477 [ERROR] LogOutputStream:75 - [STDERR_REDIRECT] [Fatal Error] :1:1: Premature end of file.
2026-08-13 10:35:10,478 [ERROR] LogOutputStream:75 - [STDERR_REDIRECT] 
2026-08-13 10:35:11,477 [ERROR] LogOutputStream:75 - [STDERR_REDIRECT] [Fatal Error] :1:1: Premature end of file.
2026-08-13 10:35:11,477 [ERROR] LogOutputStream:75 - [STDERR_REDIRECT] 
2026-08-13 10:35:12,476 [ERROR] LogOutputStream:75 - [STDERR_REDIRECT] [Fatal Error] :1:1: Premature end of file.
2026-08-13 10:35:12,476 [ERROR] LogOutputStream:75 - [STDERR_REDIRECT] 
2026-08-13 10:35:13,482 [ERROR] LogOutputStream:75 - [STDERR_REDIRECT] [Fatal Error] :1:1: Premature end of file.
2026-08-13 10:35:13,482 [ERROR] LogOutputStream:75 - [STDERR_REDIRECT] 
2026-08-13 10:35:14,477 [ERROR] LogOutputStream:75 - [STDERR_REDIRECT] [Fatal Error] :1:1: Premature end of file.
2026-08-13 10:35:14,477 [ERROR] LogOutputStream:75 - [STDERR_REDIRECT] 
2026-08-13 10:35:15,486 [ERROR] LogOutputStream:75 - [STDERR_REDIRECT] [Fatal Error] :1:1: Premature end of file.
2026-08-13 10:35:15,486 [ERROR] LogOutputStream:75 - [STDERR_REDIRECT] 
2026-08-13 10:35:16,484 [ERROR] LogOutputStream:75 - [STDERR_REDIRECT] [Fatal Error] :1:1: Premature end of file.
2026-08-13 10:35:16,485 [ERROR] LogOutputStream:75 - [STDERR_REDIRECT] 
2026-08-13 10:35:17,504 [ERROR] LogOutputStream:75 - [STDERR_REDIRECT] [Fatal Error] :1:1: Premature end of file.
2026-08-13 10:35:17,505 [ERROR] LogOutputStream:75 - [STDERR_REDIRECT] 
2026-08-13 10:35:18,487 [ERROR] LogOutputStream:75 - [STDERR_REDIRECT] [Fatal Error] :1:1: Premature end of file.
2026-08-13 10:35:18,487 [ERROR] LogOutputStream:75 - [STDERR_REDIRECT] 
2026-08-13 10:35:19,530 [ERROR] LogOutputStream:75 - [STDERR_REDIRECT] [Fatal Error] :1:1: Premature end of file.
2026-08-13 10:35:19,530 [ERROR] LogOutputStream:75 - [STDERR_REDIRECT] 
2026-08-13 10:35:20,526 [ERROR] LogOutputStream:75 - [STDERR_REDIRECT] [Fatal Error] :1:1: Premature end of file.
2026-08-13 10:35:20,527 [ERROR] LogOutputStream:75 - [STDERR_REDIRECT] 
2026-08-13 10:35:21,512 [ERROR] LogOutputStream:75 - [STDERR_REDIRECT] [Fatal Error] :1:1: Premature end of file.
2026-08-13 10:35:21,513 [ERROR] LogOutputStream:75 - [STDERR_REDIRECT] 
2026-08-13 10:35:22,516 [ERROR] LogOutputStream:75 - [STDERR_REDIRECT] [Fatal Error] :1:1: Premature end of file.
2026-08-13 10:35:22,516 [ERROR] LogOutputStream:75 - [STDERR_REDIRECT] 
2026-08-13 10:35:23,520 [ERROR] LogOutputStream:75 - [STDERR_REDIRECT] [Fatal Error] :1:1: Premature end of file.
2026-08-13 10:35:23,520 [ERROR] LogOutputStream:75 - [STDERR_REDIRECT] 
2026-08-13 10:35:24,577 [ERROR] LogOutputStream:75 - [STDERR_REDIRECT] [Fatal Error] :1:1: Premature end of file.
2026-08-13 10:35:24,578 [ERROR] LogOutputStream:75 - [STDERR_REDIRECT] 
2026-08-13 10:35:25,508 [ERROR] LogOutputStream:75 - [STDERR_REDIRECT] [Fatal Error] :1:1: Premature end of file.
2026-08-13 10:35:25,508 [ERROR] LogOutputStream:75 - [STDERR_REDIRECT] 
2026-08-13 10:35:26,526 [ERROR] LogOutputStream:75 - [STDERR_REDIRECT] [Fatal Error] :1:1: Premature end of file.
2026-08-13 10:35:26,527 [ERROR] LogOutputStream:75 - [STDERR_REDIRECT] 
2026-08-13 10:35:27,523 [ERROR] LogOutputStream:75 - [STDERR_REDIRECT] [Fatal Error] :1:1: Premature end of file.
2026-08-13 10:35:27,524 [ERROR] LogOutputStream:75 - [STDERR_REDIRECT] 
2026-08-13 10:35:28,491 [ERROR] LogOutputStream:75 - [STDERR_REDIRECT] [Fatal Error] :1:1: Premature end of file.
2026-08-13 10:35:28,492 [ERROR] LogOutputStream:75 - [STDERR_REDIRECT] 
2026-08-13 10:35:29,478 [ERROR] LogOutputStream:75 - [STDERR_REDIRECT] [Fatal Error] :1:1: Premature end of file.
2026-08-13 10:35:29,479 [ERROR] LogOutputStream:75 - [STDERR_REDIRECT] 
2026-08-13 10:35:30,510 [ERROR] LogOutputStream:75 - [STDERR_REDIRECT] [Fatal Error] :1:1: Premature end of file.
2026-08-13 10:35:30,511 [ERROR] LogOutputStream:75 - [STDERR_REDIRECT] 
2026-08-13 10:35:31,500 [ERROR] LogOutputStream:75 - [STDERR_REDIRECT] [Fatal Error] :1:1: Premature end of file.
2026-08-13 10:35:31,500 [ERROR] LogOutputStream:75 - [STDERR_REDIRECT] 
2026-08-13 10:35:32,484 [ERROR] LogOutputStream:75 - [STDERR_REDIRECT] [Fatal Error] :1:1: Premature end of file.
2026-08-13 10:35:32,484 [ERROR] LogOutputStream:75 - [STDERR_REDIRECT] 
2026-08-13 10:35:33,505 [ERROR] LogOutputStream:75 - [STDERR_REDIRECT] [Fatal Error] :1:1: Premature end of file.
2026-08-13 10:35:33,505 [ERROR] LogOutputStream:75 - [STDERR_REDIRECT] 
2026-08-13 10:35:34,488 [ERROR] LogOutputStream:75 - [STDERR_REDIRECT] [Fatal Error] :1:1: Premature end of file.
2026-08-13 10:35:34,489 [ERROR] LogOutputStream:75 - [STDERR_REDIRECT] 
2026-08-13 10:35:35,486 [ERROR] LogOutputStream:75 - [STDERR_REDIRECT] [Fatal Error] :1:1: Premature end of file.
2026-08-13 10:35:35,486 [ERROR] LogOutputStream:75 - [STDERR_REDIRECT] 
2026-08-13 10:35:36,508 [ERROR] LogOutputStream:75 - [STDERR_REDIRECT] [Fatal Error] :1:1: Premature end of file.
2026-08-13 10:35:36,509 [ERROR] LogOutputStream:75 - [STDERR_REDIRECT] 
2026-08-13 10:35:37,480 [ERROR] LogOutputStream:75 - [STDERR_REDIRECT] [Fatal Error] :1:1: Premature end of file.
2026-08-13 10:35:37,480 [ERROR] LogOutputStream:75 - [STDERR_REDIRECT] 
2026-08-13 10:35:38,484 [ERROR] LogOutputStream:75 - [STDERR_REDIRECT] [Fatal Error] :1:1: Premature end of file.
2026-08-13 10:35:38,485 [ERROR] LogOutputStream:75 - [STDERR_REDIRECT] 
2026-08-13 10:35:39,478 [ERROR] LogOutputStream:75 - [STDERR_REDIRECT] [Fatal Error] :1:1: Premature end of file.
2026-08-13 10:35:39,479 [ERROR] LogOutputStream:75 - [STDERR_REDIRECT] 
2026-08-13 10:35:40,475 [ERROR] LogOutputStream:75 - [STDERR_REDIRECT] [Fatal Error] :1:1: Premature end of file.
2026-08-13 10:35:40,476 [ERROR] LogOutputStream:75 - [STDERR_REDIRECT] 
2026-08-13 10:35:41,486 [ERROR] LogOutputStream:75 - [STDERR_REDIRECT] [Fatal Error] :1:1: Premature end of file.
2026-08-13 10:35:41,486 [ERROR] LogOutputStream:75 - [STDERR_REDIRECT] 
2026-08-13 10:35:42,477 [ERROR] LogOutputStream:75 - [STDERR_REDIRECT] [Fatal Error] :1:1: Premature end of file.
2026-08-13 10:35:42,477 [ERROR] LogOutputStream:75 - [STDERR_REDIRECT] 
2026-08-13 10:35:43,480 [ERROR] LogOutputStream:75 - [STDERR_REDIRECT] [Fatal Error] :1:1: Premature end of file.
2026-08-13 10:35:43,480 [ERROR] LogOutputStream:75 - [STDERR_REDIRECT] 
2026-08-13 10:35:44,492 [ERROR] LogOutputStream:75 - [STDERR_REDIRECT] [Fatal Error] :1:1: Premature end of file.
2026-08-13 10:35:44,492 [ERROR] LogOutputStream:75 - [STDERR_REDIRECT] 
2026-08-13 10:35:45,477 [ERROR] LogOutputStream:75 - [STDERR_REDIRECT] [Fatal Error] :1:1: Premature end of file.
2026-08-13 10:35:45,478 [ERROR] LogOutputStream:75 - [STDERR_REDIRECT] 
2026-08-13 10:35:46,481 [ERROR] LogOutputStream:75 - [STDERR_REDIRECT] [Fatal Error] :1:1: Premature end of file.
2026-08-13 10:35:46,481 [ERROR] LogOutputStream:75 - [STDERR_REDIRECT] 
2026-08-13 10:35:47,495 [ERROR] LogOutputStream:75 - [STDERR_REDIRECT] [Fatal Error] :1:1: Premature end of file.
2026-08-13 10:35:47,496 [ERROR] LogOutputStream:75 - [STDERR_REDIRECT] 
2026-08-13 10:35:48,483 [ERROR] LogOutputStream:75 - [STDERR_REDIRECT] [Fatal Error] :1:1: Premature end of file.
2026-08-13 10:35:48,483 [ERROR] LogOutputStream:75 - [STDERR_REDIRECT] 
2026-08-13 10:35:49,491 [ERROR] LogOutputStream:75 - [STDERR_REDIRECT] [Fatal Error] :1:1: Premature end of file.
2026-08-13 10:35:49,492 [ERROR] LogOutputStream:75 - [STDERR_REDIRECT] 
2026-08-13 10:35:50,489 [ERROR] LogOutputStream:75 - [STDERR_REDIRECT] [Fatal Error] :1:1: Premature end of file.
2026-08-13 10:35:50,490 [ERROR] LogOutputStream:75 - [STDERR_REDIRECT] 
2026-08-13 10:35:51,502 [ERROR] LogOutputStream:75 - [STDERR_REDIRECT] [Fatal Error] :1:1: Premature end of file.
2026-08-13 10:35:51,503 [ERROR] LogOutputStream:75 - [STDERR_REDIRECT] 
2026-08-13 10:35:52,499 [ERROR] LogOutputStream:75 - [STDERR_REDIRECT] [Fatal Error] :1:1: Premature end of file.
2026-08-13 10:35:52,500 [ERROR] LogOutputStream:75 - [STDERR_REDIRECT] 
2026-08-13 10:35:53,478 [ERROR] LogOutputStream:75 - [STDERR_REDIRECT] [Fatal Error] :1:1: Premature end of file.
2026-08-13 10:35:53,478 [ERROR] LogOutputStream:75 - [STDERR_REDIRECT] 
2026-08-13 10:35:54,474 [ERROR] LogOutputStream:75 - [STDERR_REDIRECT] [Fatal Error] :1:1: Premature end of file.
2026-08-13 10:35:54,476 [ERROR] LogOutputStream:75 - [STDERR_REDIRECT] 
2026-08-13 10:35:55,480 [ERROR] LogOutputStream:75 - [STDERR_REDIRECT] [Fatal Error] :1:1: Premature end of file.
2026-08-13 10:35:55,480 [ERROR] LogOutputStream:75 - [STDERR_REDIRECT] 
2026-08-13 10:35:56,478 [ERROR] LogOutputStream:75 - [STDERR_REDIRECT] [Fatal Error] :1:1: Premature end of file.
2026-08-13 10:35:56,479 [ERROR] LogOutputStream:75 - [STDERR_REDIRECT] 
2026-08-13 10:35:57,477 [ERROR] LogOutputStream:75 - [STDERR_REDIRECT] [Fatal Error] :1:1: Premature end of file.
2026-08-13 10:35:57,477 [ERROR] LogOutputStream:75 - [STDERR_REDIRECT] 
2026-08-13 10:35:58,479 [ERROR] LogOutputStream:75 - [STDERR_REDIRECT] [Fatal Error] :1:1: Premature end of file.
2026-08-13 10:35:58,480 [ERROR] LogOutputStream:75 - [STDERR_REDIRECT] 
2026-08-13 10:35:59,488 [ERROR] LogOutputStream:75 - [STDERR_REDIRECT] [Fatal Error] :1:1: Premature end of file.
2026-08-13 10:35:59,489 [ERROR] LogOutputStream:75 - [STDERR_REDIRECT] 
2026-08-13 10:36:00,490 [ERROR] LogOutputStream:75 - [STDERR_REDIRECT] [Fatal Error] :1:1: Premature end of file.
2026-08-13 10:36:00,490 [ERROR] LogOutputStream:75 - [STDERR_REDIRECT] 
2026-08-13 10:36:01,478 [ERROR] LogOutputStream:75 - [STDERR_REDIRECT] [Fatal Error] :1:1: Premature end of file.
2026-08-13 10:36:01,478 [ERROR] LogOutputStream:75 - [STDERR_REDIRECT] 
2026-08-13 10:36:02,485 [ERROR] LogOutputStream:75 - [STDERR_REDIRECT] [Fatal Error] :1:1: Premature end of file.
2026-08-13 10:36:02,486 [ERROR] LogOutputStream:75 - [STDERR_REDIRECT] 
2026-08-13 10:36:03,503 [ERROR] LogOutputStream:75 - [STDERR_REDIRECT] [Fatal Error] :1:1: Premature end of file.
2026-08-13 10:36:03,503 [ERROR] LogOutputStream:75 - [STDERR_REDIRECT] 
2026-08-13 10:36:04,517 [ERROR] LogOutputStream:75 - [STDERR_REDIRECT] [Fatal Error] :1:1: Premature end of file.
2026-08-13 10:36:04,517 [ERROR] LogOutputStream:75 - [STDERR_REDIRECT] 
2026-08-13 10:36:05,508 [ERROR] LogOutputStream:75 - [STDERR_REDIRECT] [Fatal Error] :1:1: Premature end of file.
2026-08-13 10:36:05,508 [ERROR] LogOutputStream:75 - [STDERR_REDIRECT] 
2026-08-13 10:36:06,481 [ERROR] LogOutputStream:75 - [STDERR_REDIRECT] [Fatal Error] :1:1: Premature end of file.
2026-08-13 10:36:06,482 [ERROR] LogOutputStream:75 - [STDERR_REDIRECT] 
2026-08-13 10:36:07,477 [ERROR] LogOutputStream:75 - [STDERR_REDIRECT] [Fatal Error] :1:1: Premature end of file.
2026-08-13 10:36:07,477 [ERROR] LogOutputStream:75 - [STDERR_REDIRECT] 
2026-08-13 10:36:08,481 [ERROR] LogOutputStream:75 - [STDERR_REDIRECT] [Fatal Error] :1:1: Premature end of file.
2026-08-13 10:36:08,482 [ERROR] LogOutputStream:75 - [STDERR_REDIRECT] 
2026-08-13 10:36:09,482 [ERROR] LogOutputStream:75 - [STDERR_REDIRECT] [Fatal Error] :1:1: Premature end of file.
2026-08-13 10:36:09,482 [ERROR] LogOutputStream:75 - [STDERR_REDIRECT] 
2026-08-13 10:36:10,549 [ERROR] LogOutputStream:75 - [STDERR_REDIRECT] [Fatal Error] :1:1: Premature end of file.
2026-08-13 10:36:10,550 [ERROR] LogOutputStream:75 - [STDERR_REDIRECT] 
2026-08-13 10:36:11,477 [ERROR] LogOutputStream:75 - [STDERR_REDIRECT] [Fatal Error] :1:1: Premature end of file.
2026-08-13 10:36:11,478 [ERROR] LogOutputStream:75 - [STDERR_REDIRECT] 
2026-08-13 10:36:12,492 [ERROR] LogOutputStream:75 - [STDERR_REDIRECT] [Fatal Error] :1:1: Premature end of file.
2026-08-13 10:36:12,493 [ERROR] LogOutputStream:75 - [STDERR_REDIRECT] 
2026-08-13 10:36:13,479 [ERROR] LogOutputStream:75 - [STDERR_REDIRECT] [Fatal Error] :1:1: Premature end of file.
2026-08-13 10:36:13,479 [ERROR] LogOutputStream:75 - [STDERR_REDIRECT] 
2026-08-13 10:36:14,478 [ERROR] LogOutputStream:75 - [STDERR_REDIRECT] [Fatal Error] :1:1: Premature end of file.
2026-08-13 10:36:14,478 [ERROR] LogOutputStream:75 - [STDERR_REDIRECT] 
2026-08-13 10:36:15,481 [ERROR] LogOutputStream:75 - [STDERR_REDIRECT] [Fatal Error] :1:1: Premature end of file.
2026-08-13 10:36:15,481 [ERROR] LogOutputStream:75 - [STDERR_REDIRECT] 
2026-08-13 10:36:16,482 [ERROR] LogOutputStream:75 - [STDERR_REDIRECT] [Fatal Error] :1:1: Premature end of file.
2026-08-13 10:36:16,483 [ERROR] LogOutputStream:75 - [STDERR_REDIRECT] 
2026-08-13 10:36:17,490 [ERROR] LogOutputStream:75 - [STDERR_REDIRECT] [Fatal Error] :1:1: Premature end of file.
2026-08-13 10:36:17,491 [ERROR] LogOutputStream:75 - [STDERR_REDIRECT] 
2026-08-13 10:36:18,532 [ERROR] LogOutputStream:75 - [STDERR_REDIRECT] [Fatal Error] :1:1: Premature end of file.
2026-08-13 10:36:18,533 [ERROR] LogOutputStream:75 - [STDERR_REDIRECT] 
2026-08-13 10:36:19,482 [ERROR] LogOutputStream:75 - [STDERR_REDIRECT] [Fatal Error] :1:1: Premature end of file.
2026-08-13 10:36:19,482 [ERROR] LogOutputStream:75 - [STDERR_REDIRECT] 
2026-08-13 10:36:20,539 [ERROR] LogOutputStream:75 - [STDERR_REDIRECT] [Fatal Error] :1:1: Premature end of file.
2026-08-13 10:36:20,539 [ERROR] LogOutputStream:75 - [STDERR_REDIRECT] 
2026-08-13 10:36:21,485 [ERROR] LogOutputStream:75 - [STDERR_REDIRECT] [Fatal Error] :1:1: Premature end of file.
2026-08-13 10:36:21,485 [ERROR] LogOutputStream:75 - [STDERR_REDIRECT] 
2026-08-13 10:36:22,478 [ERROR] LogOutputStream:75 - [STDERR_REDIRECT] [Fatal Error] :1:1: Premature end of file.
2026-08-13 10:36:22,479 [ERROR] LogOutputStream:75 - [STDERR_REDIRECT] 
2026-08-13 10:36:23,486 [ERROR] LogOutputStream:75 - [STDERR_REDIRECT] [Fatal Error] :1:1: Premature end of file.
2026-08-13 10:36:23,486 [ERROR] LogOutputStream:75 - [STDERR_REDIRECT] 
2026-08-13 10:36:24,479 [ERROR] LogOutputStream:75 - [STDERR_REDIRECT] [Fatal Error] :1:1: Premature end of file.
2026-08-13 10:36:24,480 [ERROR] LogOutputStream:75 - [STDERR_REDIRECT] 
2026-08-13 10:36:25,476 [ERROR] LogOutputStream:75 - [STDERR_REDIRECT] [Fatal Error] :1:1: Premature end of file.
2026-08-13 10:36:25,476 [ERROR] LogOutputStream:75 - [STDERR_REDIRECT] 
2026-08-13 10:36:26,479 [ERROR] LogOutputStream:75 - [STDERR_REDIRECT] [Fatal Error] :1:1: Premature end of file.
2026-08-13 10:36:26,480 [ERROR] LogOutputStream:75 - [STDERR_REDIRECT] 
2026-08-13 10:36:27,478 [ERROR] LogOutputStream:75 - [STDERR_REDIRECT] [Fatal Error] :1:1: Premature end of file.
2026-08-13 10:36:27,478 [ERROR] LogOutputStream:75 - [STDERR_REDIRECT] 
2026-08-13 10:36:28,477 [ERROR] LogOutputStream:75 - [STDERR_REDIRECT] [Fatal Error] :1:1: Premature end of file.
2026-08-13 10:36:28,477 [ERROR] LogOutputStream:75 - [STDERR_REDIRECT] 
2026-08-13 10:36:29,492 [ERROR] LogOutputStream:75 - [STDERR_REDIRECT] [Fatal Error] :1:1: Premature end of file.
2026-08-13 10:36:29,493 [ERROR] LogOutputStream:75 - [STDERR_REDIRECT] 
2026-08-13 10:36:30,494 [ERROR] LogOutputStream:75 - [STDERR_REDIRECT] [Fatal Error] :1:1: Premature end of file.
2026-08-13 10:36:30,494 [ERROR] LogOutputStream:75 - [STDERR_REDIRECT] 
2026-08-13 10:36:31,496 [ERROR] LogOutputStream:75 - [STDERR_REDIRECT] [Fatal Error] :1:1: Premature end of file.
2026-08-13 10:36:31,497 [ERROR] LogOutputStream:75 - [STDERR_REDIRECT] 
2026-08-13 10:36:32,509 [ERROR] LogOutputStream:75 - [STDERR_REDIRECT] [Fatal Error] :1:1: Premature end of file.
2026-08-13 10:36:32,510 [ERROR] LogOutputStream:75 - [STDERR_REDIRECT] 
2026-08-13 10:36:33,511 [ERROR] LogOutputStream:75 - [STDERR_REDIRECT] [Fatal Error] :1:1: Premature end of file.
2026-08-13 10:36:33,512 [ERROR] LogOutputStream:75 - [STDERR_REDIRECT] 
2026-08-13 10:36:34,548 [ERROR] LogOutputStream:75 - [STDERR_REDIRECT] [Fatal Error] :1:1: Premature end of file.
2026-08-13 10:36:34,549 [ERROR] LogOutputStream:75 - [STDERR_REDIRECT] 
2026-08-13 10:36:35,548 [ERROR] LogOutputStream:75 - [STDERR_REDIRECT] [Fatal Error] :1:1: Premature end of file.
2026-08-13 10:36:35,550 [ERROR] LogOutputStream:75 - [STDERR_REDIRECT] 
2026-08-13 10:36:36,482 [ERROR] LogOutputStream:75 - [STDERR_REDIRECT] [Fatal Error] :1:1: Premature end of file.
2026-08-13 10:36:36,483 [ERROR] LogOutputStream:75 - [STDERR_REDIRECT] 
2026-08-13 10:36:37,487 [ERROR] LogOutputStream:75 - [STDERR_REDIRECT] [Fatal Error] :1:1: Premature end of file.
2026-08-13 10:36:37,487 [ERROR] LogOutputStream:75 - [STDERR_REDIRECT] 
2026-08-13 10:36:38,496 [ERROR] LogOutputStream:75 - [STDERR_REDIRECT] [Fatal Error] :1:1: Premature end of file.
2026-08-13 10:36:38,496 [ERROR] LogOutputStream:75 - [STDERR_REDIRECT] 
2026-08-13 10:36:39,488 [ERROR] LogOutputStream:75 - [STDERR_REDIRECT] [Fatal Error] :1:1: Premature end of file.
2026-08-13 10:36:39,488 [ERROR] LogOutputStream:75 - [STDERR_REDIRECT] 
2026-08-13 10:36:40,525 [ERROR] LogOutputStream:75 - [STDERR_REDIRECT] [Fatal Error] :1:1: Premature end of file.
2026-08-13 10:36:40,526 [ERROR] LogOutputStream:75 - [STDERR_REDIRECT] 
2026-08-13 10:36:41,492 [ERROR] LogOutputStream:75 - [STDERR_REDIRECT] [Fatal Error] :1:1: Premature end of file.
2026-08-13 10:36:41,493 [ERROR] LogOutputStream:75 - [STDERR_REDIRECT] 
2026-08-13 10:36:42,510 [ERROR] LogOutputStream:75 - [STDERR_REDIRECT] [Fatal Error] :1:1: Premature end of file.
2026-08-13 10:36:42,510 [ERROR] LogOutputStream:75 - [STDERR_REDIRECT] 
2026-08-13 10:36:43,505 [ERROR] LogOutputStream:75 - [STDERR_REDIRECT] [Fatal Error] :1:1: Premature end of file.
2026-08-13 10:36:43,505 [ERROR] LogOutputStream:75 - [STDERR_REDIRECT] 
2026-08-13 10:36:44,495 [ERROR] LogOutputStream:75 - [STDERR_REDIRECT] [Fatal Error] :1:1: Premature end of file.
2026-08-13 10:36:44,495 [ERROR] LogOutputStream:75 - [STDERR_REDIRECT] 
2026-08-13 10:36:45,491 [ERROR] LogOutputStream:75 - [STDERR_REDIRECT] [Fatal Error] :1:1: Premature end of file.
2026-08-13 10:36:45,492 [ERROR] LogOutputStream:75 - [STDERR_REDIRECT] 
2026-08-13 10:36:46,491 [ERROR] LogOutputStream:75 - [STDERR_REDIRECT] [Fatal Error] :1:1: Premature end of file.
2026-08-13 10:36:46,492 [ERROR] LogOutputStream:75 - [STDERR_REDIRECT] 
2026-08-13 10:36:47,492 [ERROR] LogOutputStream:75 - [STDERR_REDIRECT] [Fatal Error] :1:1: Premature end of file.
2026-08-13 10:36:47,492 [ERROR] LogOutputStream:75 - [STDERR_REDIRECT] 
2026-08-13 10:36:48,528 [ERROR] LogOutputStream:75 - [STDERR_REDIRECT] [Fatal Error] :1:1: Premature end of file.
2026-08-13 10:36:48,529 [ERROR] LogOutputStream:75 - [STDERR_REDIRECT] 
2026-08-13 10:36:49,495 [ERROR] LogOutputStream:75 - [STDERR_REDIRECT] [Fatal Error] :1:1: Premature end of file.
2026-08-13 10:36:49,495 [ERROR] LogOutputStream:75 - [STDERR_REDIRECT] 
2026-08-13 10:36:50,483 [ERROR] LogOutputStream:75 - [STDERR_REDIRECT] [Fatal Error] :1:1: Premature end of file.
2026-08-13 10:36:50,483 [ERROR] LogOutputStream:75 - [STDERR_REDIRECT] 
2026-08-13 10:36:51,519 [ERROR] LogOutputStream:75 - [STDERR_REDIRECT] [Fatal Error] :1:1: Premature end of file.
2026-08-13 10:36:51,520 [ERROR] LogOutputStream:75 - [STDERR_REDIRECT] 
2026-08-13 10:36:52,505 [ERROR] LogOutputStream:75 - [STDERR_REDIRECT] [Fatal Error] :1:1: Premature end of file.
2026-08-13 10:36:52,505 [ERROR] LogOutputStream:75 - [STDERR_REDIRECT] 
2026-08-13 10:36:53,476 [ERROR] LogOutputStream:75 - [STDERR_REDIRECT] [Fatal Error] :1:1: Premature end of file.
2026-08-13 10:36:53,477 [ERROR] LogOutputStream:75 - [STDERR_REDIRECT] 
2026-08-13 10:36:54,480 [ERROR] LogOutputStream:75 - [STDERR_REDIRECT] [Fatal Error] :1:1: Premature end of file.
2026-08-13 10:36:54,481 [ERROR] LogOutputStream:75 - [STDERR_REDIRECT] 
2026-08-13 10:36:55,481 [ERROR] LogOutputStream:75 - [STDERR_REDIRECT] [Fatal Error] :1:1: Premature end of file.
2026-08-13 10:36:55,481 [ERROR] LogOutputStream:75 - [STDERR_REDIRECT] 
2026-08-13 10:36:56,476 [ERROR] LogOutputStream:75 - [STDERR_REDIRECT] [Fatal Error] :1:1: Premature end of file.
2026-08-13 10:36:56,476 [ERROR] LogOutputStream:75 - [STDERR_REDIRECT] 
2026-08-13 10:36:57,474 [ERROR] LogOutputStream:75 - [STDERR_REDIRECT] [Fatal Error] :1:1: Premature end of file.
2026-08-13 10:36:57,475 [ERROR] LogOutputStream:75 - [STDERR_REDIRECT] 
2026-08-13 10:36:58,476 [ERROR] LogOutputStream:75 - [STDERR_REDIRECT] [Fatal Error] :1:1: Premature end of file.
2026-08-13 10:36:58,476 [ERROR] LogOutputStream:75 - [STDERR_REDIRECT] 
2026-08-13 10:36:59,479 [ERROR] LogOutputStream:75 - [STDERR_REDIRECT] [Fatal Error] :1:1: Premature end of file.
2026-08-13 10:36:59,479 [ERROR] LogOutputStream:75 - [STDERR_REDIRECT] 
2026-08-13 10:37:00,486 [ERROR] LogOutputStream:75 - [STDERR_REDIRECT] [Fatal Error] :1:1: Premature end of file.
2026-08-13 10:37:00,486 [ERROR] LogOutputStream:75 - [STDERR_REDIRECT] 
2026-08-13 10:37:01,479 [ERROR] LogOutputStream:75 - [STDERR_REDIRECT] [Fatal Error] :1:1: Premature end of file.
2026-08-13 10:37:01,479 [ERROR] LogOutputStream:75 - [STDERR_REDIRECT] 
2026-08-13 10:37:02,477 [ERROR] LogOutputStream:75 - [STDERR_REDIRECT] [Fatal Error] :1:1: Premature end of file.
2026-08-13 10:37:02,477 [ERROR] LogOutputStream:75 - [STDERR_REDIRECT] 
2026-08-13 10:37:03,477 [ERROR] LogOutputStream:75 - [STDERR_REDIRECT] [Fatal Error] :1:1: Premature end of file.
2026-08-13 10:37:03,478 [ERROR] LogOutputStream:75 - [STDERR_REDIRECT] 
2026-08-13 10:37:04,480 [ERROR] LogOutputStream:75 - [STDERR_REDIRECT] [Fatal Error] :1:1: Premature end of file.
2026-08-13 10:37:04,481 [ERROR] LogOutputStream:75 - [STDERR_REDIRECT] 
2026-08-13 10:37:05,480 [ERROR] LogOutputStream:75 - [STDERR_REDIRECT] [Fatal Error] :1:1: Premature end of file.
2026-08-13 10:37:05,481 [ERROR] LogOutputStream:75 - [STDERR_REDIRECT] 
2026-08-13 10:37:06,477 [ERROR] LogOutputStream:75 - [STDERR_REDIRECT] [Fatal Error] :1:1: Premature end of file.
2026-08-13 10:37:06,477 [ERROR] LogOutputStream:75 - [STDERR_REDIRECT] 
2026-08-13 10:37:07,474 [ERROR] LogOutputStream:75 - [STDERR_REDIRECT] [Fatal Error] :1:1: Premature end of file.
2026-08-13 10:37:07,475 [ERROR] LogOutputStream:75 - [STDERR_REDIRECT] 
2026-08-13 10:37:08,481 [ERROR] LogOutputStream:75 - [STDERR_REDIRECT] [Fatal Error] :1:1: Premature end of file.
2026-08-13 10:37:08,482 [ERROR] LogOutputStream:75 - [STDERR_REDIRECT] 
2026-08-13 10:37:09,475 [ERROR] LogOutputStream:75 - [STDERR_REDIRECT] [Fatal Error] :1:1: Premature end of file.
2026-08-13 10:37:09,475 [ERROR] LogOutputStream:75 - [STDERR_REDIRECT] 
2026-08-13 10:37:10,474 [ERROR] LogOutputStream:75 - [STDERR_REDIRECT] [Fatal Error] :1:1: Premature end of file.
2026-08-13 10:37:10,474 [ERROR] LogOutputStream:75 - [STDERR_REDIRECT] 
2026-08-13 10:37:11,474 [ERROR] LogOutputStream:75 - [STDERR_REDIRECT] [Fatal Error] :1:1: Premature end of file.
2026-08-13 10:37:11,475 [ERROR] LogOutputStream:75 - [STDERR_REDIRECT] 
2026-08-13 10:37:12,483 [ERROR] LogOutputStream:75 - [STDERR_REDIRECT] [Fatal Error] :1:1: Premature end of file.
2026-08-13 10:37:12,484 [ERROR] LogOutputStream:75 - [STDERR_REDIRECT] 
2026-08-13 10:37:13,487 [ERROR] LogOutputStream:75 - [STDERR_REDIRECT] [Fatal Error] :1:1: Premature end of file.
2026-08-13 10:37:13,487 [ERROR] LogOutputStream:75 - [STDERR_REDIRECT] 
2026-08-13 10:37:14,475 [ERROR] LogOutputStream:75 - [STDERR_REDIRECT] [Fatal Error] :1:1: Premature end of file.
2026-08-13 10:37:14,475 [ERROR] LogOutputStream:75 - [STDERR_REDIRECT] 
2026-08-13 10:37:15,477 [ERROR] LogOutputStream:75 - [STDERR_REDIRECT] [Fatal Error] :1:1: Premature end of file.
2026-08-13 10:37:15,477 [ERROR] LogOutputStream:75 - [STDERR_REDIRECT] 
2026-08-13 10:37:16,476 [ERROR] LogOutputStream:75 - [STDERR_REDIRECT] [Fatal Error] :1:1: Premature end of file.
2026-08-13 10:37:16,476 [ERROR] LogOutputStream:75 - [STDERR_REDIRECT] 
2026-08-13 10:37:17,478 [ERROR] LogOutputStream:75 - [STDERR_REDIRECT] [Fatal Error] :1:1: Premature end of file.
2026-08-13 10:37:17,478 [ERROR] LogOutputStream:75 - [STDERR_REDIRECT] 
2026-08-13 10:37:18,476 [ERROR] LogOutputStream:75 - [STDERR_REDIRECT] [Fatal Error] :1:1: Premature end of file.
2026-08-13 10:37:18,476 [ERROR] LogOutputStream:75 - [STDERR_REDIRECT] 
2026-08-13 10:37:19,476 [ERROR] LogOutputStream:75 - [STDERR_REDIRECT] [Fatal Error] :1:1: Premature end of file.
2026-08-13 10:37:19,477 [ERROR] LogOutputStream:75 - [STDERR_REDIRECT] 
2026-08-13 10:37:20,477 [ERROR] LogOutputStream:75 - [STDERR_REDIRECT] [Fatal Error] :1:1: Premature end of file.
2026-08-13 10:37:20,477 [ERROR] LogOutputStream:75 - [STDERR_REDIRECT] 
2026-08-13 10:37:21,475 [ERROR] LogOutputStream:75 - [STDERR_REDIRECT] [Fatal Error] :1:1: Premature end of file.
2026-08-13 10:37:21,475 [ERROR] LogOutputStream:75 - [STDERR_REDIRECT] 
2026-08-13 10:37:22,474 [ERROR] LogOutputStream:75 - [STDERR_REDIRECT] [Fatal Error] :1:1: Premature end of file.
2026-08-13 10:37:22,474 [ERROR] LogOutputStream:75 - [STDERR_REDIRECT] 
2026-08-13 10:37:23,475 [ERROR] LogOutputStream:75 - [STDERR_REDIRECT] [Fatal Error] :1:1: Premature end of file.
2026-08-13 10:37:23,476 [ERROR] LogOutputStream:75 - [STDERR_REDIRECT] 
2026-08-13 10:37:24,476 [ERROR] LogOutputStream:75 - [STDERR_REDIRECT] [Fatal Error] :1:1: Premature end of file.
2026-08-13 10:37:24,476 [ERROR] LogOutputStream:75 - [STDERR_REDIRECT] 
2026-08-13 10:37:25,475 [ERROR] LogOutputStream:75 - [STDERR_REDIRECT] [Fatal Error] :1:1: Premature end of file.
2026-08-13 10:37:25,476 [ERROR] LogOutputStream:75 - [STDERR_REDIRECT] 
2026-08-13 10:37:26,475 [ERROR] LogOutputStream:75 - [STDERR_REDIRECT] [Fatal Error] :1:1: Premature end of file.
2026-08-13 10:37:26,475 [ERROR] LogOutputStream:75 - [STDERR_REDIRECT] 
2026-08-13 10:37:27,474 [ERROR] LogOutputStream:75 - [STDERR_REDIRECT] [Fatal Error] :1:1: Premature end of file.
2026-08-13 10:37:27,474 [ERROR] LogOutputStream:75 - [STDERR_REDIRECT] 
2026-08-13 10:37:28,476 [ERROR] LogOutputStream:75 - [STDERR_REDIRECT] [Fatal Error] :1:1: Premature end of file.
2026-08-13 10:37:28,476 [ERROR] LogOutputStream:75 - [STDERR_REDIRECT] 
2026-08-13 10:37:29,476 [ERROR] LogOutputStream:75 - [STDERR_REDIRECT] [Fatal Error] :1:1: Premature end of file.
2026-08-13 10:37:29,476 [ERROR] LogOutputStream:75 - [STDERR_REDIRECT] 
2026-08-13 10:37:30,479 [ERROR] LogOutputStream:75 - [STDERR_REDIRECT] [Fatal Error] :1:1: Premature end of file.
2026-08-13 10:37:30,479 [ERROR] LogOutputStream:75 - [STDERR_REDIRECT] 
2026-08-13 10:37:31,482 [ERROR] LogOutputStream:75 - [STDERR_REDIRECT] [Fatal Error] :1:1: Premature end of file.
2026-08-13 10:37:31,482 [ERROR] LogOutputStream:75 - [STDERR_REDIRECT] 
2026-08-13 10:37:32,477 [ERROR] LogOutputStream:75 - [STDERR_REDIRECT] [Fatal Error] :1:1: Premature end of file.
2026-08-13 10:37:32,477 [ERROR] LogOutputStream:75 - [STDERR_REDIRECT] 
2026-08-13 10:37:33,478 [ERROR] LogOutputStream:75 - [STDERR_REDIRECT] [Fatal Error] :1:1: Premature end of file.
2026-08-13 10:37:33,478 [ERROR] LogOutputStream:75 - [STDERR_REDIRECT] 
2026-08-13 10:37:34,476 [ERROR] LogOutputStream:75 - [STDERR_REDIRECT] [Fatal Error] :1:1: Premature end of file.
2026-08-13 10:37:34,476 [ERROR] LogOutputStream:75 - [STDERR_REDIRECT] 
2026-08-13 10:37:35,477 [ERROR] LogOutputStream:75 - [STDERR_REDIRECT] [Fatal Error] :1:1: Premature end of file.
2026-08-13 10:37:35,478 [ERROR] LogOutputStream:75 - [STDERR_REDIRECT] 
2026-08-13 10:37:36,478 [ERROR] LogOutputStream:75 - [STDERR_REDIRECT] [Fatal Error] :1:1: Premature end of file.
2026-08-13 10:37:36,478 [ERROR] LogOutputStream:75 - [STDERR_REDIRECT] 
2026-08-13 10:37:37,476 [ERROR] LogOutputStream:75 - [STDERR_REDIRECT] [Fatal Error] :1:1: Premature end of file.
2026-08-13 10:37:37,477 [ERROR] LogOutputStream:75 - [STDERR_REDIRECT] 
2026-08-13 10:37:38,476 [ERROR] LogOutputStream:75 - [STDERR_REDIRECT] [Fatal Error] :1:1: Premature end of file.
2026-08-13 10:37:38,476 [ERROR] LogOutputStream:75 - [STDERR_REDIRECT] 
2026-08-13 10:37:39,476 [ERROR] LogOutputStream:75 - [STDERR_REDIRECT] [Fatal Error] :1:1: Premature end of file.
2026-08-13 10:37:39,476 [ERROR] LogOutputStream:75 - [STDERR_REDIRECT] 
2026-08-13 10:37:40,476 [ERROR] LogOutputStream:75 - [STDERR_REDIRECT] [Fatal Error] :1:1: Premature end of file.
2026-08-13 10:37:40,477 [ERROR] LogOutputStream:75 - [STDERR_REDIRECT] 
2026-08-13 10:37:41,477 [ERROR] LogOutputStream:75 - [STDERR_REDIRECT] [Fatal Error] :1:1: Premature end of file.
2026-08-13 10:37:41,477 [ERROR] LogOutputStream:75 - [STDERR_REDIRECT] 
2026-08-13 10:37:42,476 [ERROR] LogOutputStream:75 - [STDERR_REDIRECT] [Fatal Error] :1:1: Premature end of file.
2026-08-13 10:37:42,476 [ERROR] LogOutputStream:75 - [STDERR_REDIRECT] 
2026-08-13 10:37:43,476 [ERROR] LogOutputStream:75 - [STDERR_REDIRECT] [Fatal Error] :1:1: Premature end of file.
2026-08-13 10:37:43,476 [ERROR] LogOutputStream:75 - [STDERR_REDIRECT] 
2026-08-13 10:37:44,475 [ERROR] LogOutputStream:75 - [STDERR_REDIRECT] [Fatal Error] :1:1: Premature end of file.
2026-08-13 10:37:44,475 [ERROR] LogOutputStream:75 - [STDERR_REDIRECT] 
2026-08-13 10:37:45,477 [ERROR] LogOutputStream:75 - [STDERR_REDIRECT] [Fatal Error] :1:1: Premature end of file.
2026-08-13 10:37:45,477 [ERROR] LogOutputStream:75 - [STDERR_REDIRECT] 
2026-08-13 10:37:46,474 [ERROR] LogOutputStream:75 - [STDERR_REDIRECT] [Fatal Error] :1:1: Premature end of file.
2026-08-13 10:37:46,474 [ERROR] LogOutputStream:75 - [STDERR_REDIRECT] 
2026-08-13 10:37:47,475 [ERROR] LogOutputStream:75 - [STDERR_REDIRECT] [Fatal Error] :1:1: Premature end of file.
2026-08-13 10:37:47,476 [ERROR] LogOutputStream:75 - [STDERR_REDIRECT] 
2026-08-13 10:37:48,477 [ERROR] LogOutputStream:75 - [STDERR_REDIRECT] [Fatal Error] :1:1: Premature end of file.
2026-08-13 10:37:48,477 [ERROR] LogOutputStream:75 - [STDERR_REDIRECT] 
2026-08-13 10:37:49,475 [ERROR] LogOutputStream:75 - [STDERR_REDIRECT] [Fatal Error] :1:1: Premature end of file.
2026-08-13 10:37:49,475 [ERROR] LogOutputStream:75 - [STDERR_REDIRECT] 
2026-08-13 10:37:50,480 [ERROR] LogOutputStream:75 - [STDERR_REDIRECT] [Fatal Error] :1:1: Premature end of file.
2026-08-13 10:37:50,480 [ERROR] LogOutputStream:75 - [STDERR_REDIRECT] 
2026-08-13 10:37:51,475 [ERROR] LogOutputStream:75 - [STDERR_REDIRECT] [Fatal Error] :1:1: Premature end of file.
2026-08-13 10:37:51,476 [ERROR] LogOutputStream:75 - [STDERR_REDIRECT] 
2026-08-13 10:37:52,476 [ERROR] LogOutputStream:75 - [STDERR_REDIRECT] [Fatal Error] :1:1: Premature end of file.
2026-08-13 10:37:52,476 [ERROR] LogOutputStream:75 - [STDERR_REDIRECT] 
2026-08-13 10:37:53,476 [ERROR] LogOutputStream:75 - [STDERR_REDIRECT] [Fatal Error] :1:1: Premature end of file.
2026-08-13 10:37:53,476 [ERROR] LogOutputStream:75 - [STDERR_REDIRECT] 
2026-08-13 10:37:54,476 [ERROR] LogOutputStream:75 - [STDERR_REDIRECT] [Fatal Error] :1:1: Premature end of file.
2026-08-13 10:37:54,477 [ERROR] LogOutputStream:75 - [STDERR_REDIRECT] 
2026-08-13 10:37:55,475 [ERROR] LogOutputStream:75 - [STDERR_REDIRECT] [Fatal Error] :1:1: Premature end of file.
2026-08-13 10:37:55,475 [ERROR] LogOutputStream:75 - [STDERR_REDIRECT] 
2026-08-13 10:37:56,475 [ERROR] LogOutputStream:75 - [STDERR_REDIRECT] [Fatal Error] :1:1: Premature end of file.
2026-08-13 10:37:56,475 [ERROR] LogOutputStream:75 - [STDERR_REDIRECT] 
2026-08-13 10:37:57,475 [ERROR] LogOutputStream:75 - [STDERR_REDIRECT] [Fatal Error] :1:1: Premature end of file.
2026-08-13 10:37:57,475 [ERROR] LogOutputStream:75 - [STDERR_REDIRECT] 
2026-08-13 10:37:58,476 [ERROR] LogOutputStream:75 - [STDERR_REDIRECT] [Fatal Error] :1:1: Premature end of file.
2026-08-13 10:37:58,477 [ERROR] LogOutputStream:75 - [STDERR_REDIRECT] 
2026-08-13 10:37:59,479 [ERROR] LogOutputStream:75 - [STDERR_REDIRECT] [Fatal Error] :1:1: Premature end of file.
2026-08-13 10:37:59,480 [ERROR] LogOutputStream:75 - [STDERR_REDIRECT] 
2026-08-13 10:38:00,479 [ERROR] LogOutputStream:75 - [STDERR_REDIRECT] [Fatal Error] :1:1: Premature end of file.
2026-08-13 10:38:00,480 [ERROR] LogOutputStream:75 - [STDERR_REDIRECT] 
2026-08-13 10:38:01,477 [ERROR] LogOutputStream:75 - [STDERR_REDIRECT] [Fatal Error] :1:1: Premature end of file.
2026-08-13 10:38:01,477 [ERROR] LogOutputStream:75 - [STDERR_REDIRECT] 
2026-08-13 10:38:02,477 [ERROR] LogOutputStream:75 - [STDERR_REDIRECT] [Fatal Error] :1:1: Premature end of file.
2026-08-13 10:38:02,477 [ERROR] LogOutputStream:75 - [STDERR_REDIRECT] 
2026-08-13 10:38:03,482 [ERROR] LogOutputStream:75 - [STDERR_REDIRECT] [Fatal Error] :1:1: Premature end of file.
2026-08-13 10:38:03,483 [ERROR] LogOutputStream:75 - [STDERR_REDIRECT] 
2026-08-13 10:38:04,478 [ERROR] LogOutputStream:75 - [STDERR_REDIRECT] [Fatal Error] :1:1: Premature end of file.
2026-08-13 10:38:04,478 [ERROR] LogOutputStream:75 - [STDERR_REDIRECT] 
2026-08-13 10:38:05,477 [ERROR] LogOutputStream:75 - [STDERR_REDIRECT] [Fatal Error] :1:1: Premature end of file.
2026-08-13 10:38:05,478 [ERROR] LogOutputStream:75 - [STDERR_REDIRECT] 
2026-08-13 10:38:06,487 [ERROR] LogOutputStream:75 - [STDERR_REDIRECT] [Fatal Error] :1:1: Premature end of file.
2026-08-13 10:38:06,488 [ERROR] LogOutputStream:75 - [STDERR_REDIRECT] 
2026-08-13 10:38:07,476 [ERROR] LogOutputStream:75 - [STDERR_REDIRECT] [Fatal Error] :1:1: Premature end of file.
2026-08-13 10:38:07,476 [ERROR] LogOutputStream:75 - [STDERR_REDIRECT] 
2026-08-13 10:38:08,476 [ERROR] LogOutputStream:75 - [STDERR_REDIRECT] [Fatal Error] :1:1: Premature end of file.
2026-08-13 10:38:08,476 [ERROR] LogOutputStream:75 - [STDERR_REDIRECT] 
2026-08-13 10:38:09,485 [ERROR] LogOutputStream:75 - [STDERR_REDIRECT] [Fatal Error] :1:1: Premature end of file.
2026-08-13 10:38:09,486 [ERROR] LogOutputStream:75 - [STDERR_REDIRECT] 
2026-08-13 10:38:10,475 [ERROR] LogOutputStream:75 - [STDERR_REDIRECT] [Fatal Error] :1:1: Premature end of file.
2026-08-13 10:38:10,476 [ERROR] LogOutputStream:75 - [STDERR_REDIRECT] 
2026-08-13 10:38:11,478 [ERROR] LogOutputStream:75 - [STDERR_REDIRECT] [Fatal Error] :1:1: Premature end of file.
2026-08-13 10:38:11,478 [ERROR] LogOutputStream:75 - [STDERR_REDIRECT] 
2026-08-13 10:38:12,477 [ERROR] LogOutputStream:75 - [STDERR_REDIRECT] [Fatal Error] :1:1: Premature end of file.
2026-08-13 10:38:12,477 [ERROR] LogOutputStream:75 - [STDERR_REDIRECT] 
2026-08-13 10:38:13,476 [ERROR] LogOutputStream:75 - [STDERR_REDIRECT] [Fatal Error] :1:1: Premature end of file.
2026-08-13 10:38:13,476 [ERROR] LogOutputStream:75 - [STDERR_REDIRECT] 
2026-08-13 10:38:14,475 [ERROR] LogOutputStream:75 - [STDERR_REDIRECT] [Fatal Error] :1:1: Premature end of file.
2026-08-13 10:38:14,475 [ERROR] LogOutputStream:75 - [STDERR_REDIRECT] 
2026-08-13 10:38:15,477 [ERROR] LogOutputStream:75 - [STDERR_REDIRECT] [Fatal Error] :1:1: Premature end of file.
2026-08-13 10:38:15,477 [ERROR] LogOutputStream:75 - [STDERR_REDIRECT] 
2026-08-13 10:38:16,485 [ERROR] LogOutputStream:75 - [STDERR_REDIRECT] [Fatal Error] :1:1: Premature end of file.
2026-08-13 10:38:16,486 [ERROR] LogOutputStream:75 - [STDERR_REDIRECT] 
2026-08-13 10:38:17,479 [ERROR] LogOutputStream:75 - [STDERR_REDIRECT] [Fatal Error] :1:1: Premature end of file.
2026-08-13 10:38:17,480 [ERROR] LogOutputStream:75 - [STDERR_REDIRECT] 
2026-08-13 10:38:18,476 [ERROR] LogOutputStream:75 - [STDERR_REDIRECT] [Fatal Error] :1:1: Premature end of file.
2026-08-13 10:38:18,477 [ERROR] LogOutputStream:75 - [STDERR_REDIRECT] 
2026-08-13 10:38:19,475 [ERROR] LogOutputStream:75 - [STDERR_REDIRECT] [Fatal Error] :1:1: Premature end of file.
2026-08-13 10:38:19,475 [ERROR] LogOutputStream:75 - [STDERR_REDIRECT] 
2026-08-13 10:38:20,495 [ERROR] LogOutputStream:75 - [STDERR_REDIRECT] [Fatal Error] :1:1: Premature end of file.
2026-08-13 10:38:20,495 [ERROR] LogOutputStream:75 - [STDERR_REDIRECT] 
2026-08-13 10:38:21,481 [ERROR] LogOutputStream:75 - [STDERR_REDIRECT] [Fatal Error] :1:1: Premature end of file.
2026-08-13 10:38:21,481 [ERROR] LogOutputStream:75 - [STDERR_REDIRECT] 
2026-08-13 10:38:22,475 [ERROR] LogOutputStream:75 - [STDERR_REDIRECT] [Fatal Error] :1:1: Premature end of file.
2026-08-13 10:38:22,475 [ERROR] LogOutputStream:75 - [STDERR_REDIRECT] 
2026-08-13 10:38:23,476 [ERROR] LogOutputStream:75 - [STDERR_REDIRECT] [Fatal Error] :1:1: Premature end of file.
2026-08-13 10:38:23,476 [ERROR] LogOutputStream:75 - [STDERR_REDIRECT] 
2026-08-13 10:38:24,474 [ERROR] LogOutputStream:75 - [STDERR_REDIRECT] [Fatal Error] :1:1: Premature end of file.
2026-08-13 10:38:24,476 [ERROR] LogOutputStream:75 - [STDERR_REDIRECT] 
2026-08-13 10:38:25,477 [ERROR] LogOutputStream:75 - [STDERR_REDIRECT] [Fatal Error] :1:1: Premature end of file.
2026-08-13 10:38:25,477 [ERROR] LogOutputStream:75 - [STDERR_REDIRECT] 
2026-08-13 10:38:26,477 [ERROR] LogOutputStream:75 - [STDERR_REDIRECT] [Fatal Error] :1:1: Premature end of file.
2026-08-13 10:38:26,477 [ERROR] LogOutputStream:75 - [STDERR_REDIRECT] 
2026-08-13 10:38:27,476 [ERROR] LogOutputStream:75 - [STDERR_REDIRECT] [Fatal Error] :1:1: Premature end of file.
2026-08-13 10:38:27,477 [ERROR] LogOutputStream:75 - [STDERR_REDIRECT] 
2026-08-13 10:38:28,477 [ERROR] LogOutputStream:75 - [STDERR_REDIRECT] [Fatal Error] :1:1: Premature end of file.
2026-08-13 10:38:28,477 [ERROR] LogOutputStream:75 - [STDERR_REDIRECT] 
2026-08-13 10:38:29,491 [ERROR] LogOutputStream:75 - [STDERR_REDIRECT] [Fatal Error] :1:1: Premature end of file.
2026-08-13 10:38:29,491 [ERROR] LogOutputStream:75 - [STDERR_REDIRECT] 
2026-08-13 10:38:30,485 [ERROR] LogOutputStream:75 - [STDERR_REDIRECT] [Fatal Error] :1:1: Premature end of file.
2026-08-13 10:38:30,485 [ERROR] LogOutputStream:75 - [STDERR_REDIRECT] 
2026-08-13 10:38:31,520 [ERROR] LogOutputStream:75 - [STDERR_REDIRECT] [Fatal Error] :1:1: Premature end of file.
2026-08-13 10:38:31,521 [ERROR] LogOutputStream:75 - [STDERR_REDIRECT] 
2026-08-13 10:38:32,488 [ERROR] LogOutputStream:75 - [STDERR_REDIRECT] [Fatal Error] :1:1: Premature end of file.
2026-08-13 10:38:32,488 [ERROR] LogOutputStream:75 - [STDERR_REDIRECT] 
2026-08-13 10:38:33,478 [ERROR] LogOutputStream:75 - [STDERR_REDIRECT] [Fatal Error] :1:1: Premature end of file.
2026-08-13 10:38:33,478 [ERROR] LogOutputStream:75 - [STDERR_REDIRECT] 
2026-08-13 10:38:34,477 [ERROR] LogOutputStream:75 - [STDERR_REDIRECT] [Fatal Error] :1:1: Premature end of file.
2026-08-13 10:38:34,478 [ERROR] LogOutputStream:75 - [STDERR_REDIRECT] 
2026-08-13 10:38:35,479 [ERROR] LogOutputStream:75 - [STDERR_REDIRECT] [Fatal Error] :1:1: Premature end of file.
2026-08-13 10:38:35,480 [ERROR] LogOutputStream:75 - [STDERR_REDIRECT] 
2026-08-13 10:38:36,477 [ERROR] LogOutputStream:75 - [STDERR_REDIRECT] [Fatal Error] :1:1: Premature end of file.
2026-08-13 10:38:36,477 [ERROR] LogOutputStream:75 - [STDERR_REDIRECT] 
2026-08-13 10:38:37,476 [ERROR] LogOutputStream:75 - [STDERR_REDIRECT] [Fatal Error] :1:1: Premature end of file.
2026-08-13 10:38:37,477 [ERROR] LogOutputStream:75 - [STDERR_REDIRECT] 
2026-08-13 10:38:38,475 [ERROR] LogOutputStream:75 - [STDERR_REDIRECT] [Fatal Error] :1:1: Premature end of file.
2026-08-13 10:38:38,476 [ERROR] LogOutputStream:75 - [STDERR_REDIRECT] 
2026-08-13 10:38:39,476 [ERROR] LogOutputStream:75 - [STDERR_REDIRECT] [Fatal Error] :1:1: Premature end of file.
2026-08-13 10:38:39,476 [ERROR] LogOutputStream:75 - [STDERR_REDIRECT] 
2026-08-13 10:38:40,515 [ERROR] LogOutputStream:75 - [STDERR_REDIRECT] [Fatal Error] :1:1: Premature end of file.
2026-08-13 10:38:40,515 [ERROR] LogOutputStream:75 - [STDERR_REDIRECT] 
2026-08-13 10:38:41,476 [ERROR] LogOutputStream:75 - [STDERR_REDIRECT] [Fatal Error] :1:1: Premature end of file.
2026-08-13 10:38:41,476 [ERROR] LogOutputStream:75 - [STDERR_REDIRECT] 
2026-08-13 10:38:42,484 [ERROR] LogOutputStream:75 - [STDERR_REDIRECT] [Fatal Error] :1:1: Premature end of file.
2026-08-13 10:38:42,484 [ERROR] LogOutputStream:75 - [STDERR_REDIRECT] 
2026-08-13 10:38:43,476 [ERROR] LogOutputStream:75 - [STDERR_REDIRECT] [Fatal Error] :1:1: Premature end of file.
2026-08-13 10:38:43,476 [ERROR] LogOutputStream:75 - [STDERR_REDIRECT] 
2026-08-13 10:38:44,477 [ERROR] LogOutputStream:75 - [STDERR_REDIRECT] [Fatal Error] :1:1: Premature end of file.
2026-08-13 10:38:44,477 [ERROR] LogOutputStream:75 - [STDERR_REDIRECT] 
2026-08-13 10:38:45,476 [ERROR] LogOutputStream:75 - [STDERR_REDIRECT] [Fatal Error] :1:1: Premature end of file.
2026-08-13 10:38:45,476 [ERROR] LogOutputStream:75 - [STDERR_REDIRECT] 
2026-08-13 10:38:46,476 [ERROR] LogOutputStream:75 - [STDERR_REDIRECT] [Fatal Error] :1:1: Premature end of file.
2026-08-13 10:38:46,477 [ERROR] LogOutputStream:75 - [STDERR_REDIRECT] 
2026-08-13 10:38:47,476 [ERROR] LogOutputStream:75 - [STDERR_REDIRECT] [Fatal Error] :1:1: Premature end of file.
2026-08-13 10:38:47,476 [ERROR] LogOutputStream:75 - [STDERR_REDIRECT] 
2026-08-13 10:38:48,476 [ERROR] LogOutputStream:75 - [STDERR_REDIRECT] [Fatal Error] :1:1: Premature end of file.
2026-08-13 10:38:48,477 [ERROR] LogOutputStream:75 - [STDERR_REDIRECT] 
2026-08-13 10:38:49,475 [ERROR] LogOutputStream:75 - [STDERR_REDIRECT] [Fatal Error] :1:1: Premature end of file.
2026-08-13 10:38:49,476 [ERROR] LogOutputStream:75 - [STDERR_REDIRECT] 
2026-08-13 10:38:50,476 [ERROR] LogOutputStream:75 - [STDERR_REDIRECT] [Fatal Error] :1:1: Premature end of file.
2026-08-13 10:38:50,476 [ERROR] LogOutputStream:75 - [STDERR_REDIRECT] 
2026-08-13 10:38:51,476 [ERROR] LogOutputStream:75 - [STDERR_REDIRECT] [Fatal Error] :1:1: Premature end of file.
2026-08-13 10:38:51,476 [ERROR] LogOutputStream:75 - [STDERR_REDIRECT] 
2026-08-13 10:38:52,476 [ERROR] LogOutputStream:75 - [STDERR_REDIRECT] [Fatal Error] :1:1: Premature end of file.
2026-08-13 10:38:52,476 [ERROR] LogOutputStream:75 - [STDERR_REDIRECT] 
2026-08-13 10:38:53,478 [ERROR] LogOutputStream:75 - [STDERR_REDIRECT] [Fatal Error] :1:1: Premature end of file.
2026-08-13 10:38:53,478 [ERROR] LogOutputStream:75 - [STDERR_REDIRECT] 
2026-08-13 10:38:54,488 [ERROR] LogOutputStream:75 - [STDERR_REDIRECT] [Fatal Error] :1:1: Premature end of file.
2026-08-13 10:38:54,489 [ERROR] LogOutputStream:75 - [STDERR_REDIRECT] 
2026-08-13 10:38:55,482 [ERROR] LogOutputStream:75 - [STDERR_REDIRECT] [Fatal Error] :1:1: Premature end of file.
2026-08-13 10:38:55,483 [ERROR] LogOutputStream:75 - [STDERR_REDIRECT] 
2026-08-13 10:38:56,477 [ERROR] LogOutputStream:75 - [STDERR_REDIRECT] [Fatal Error] :1:1: Premature end of file.
2026-08-13 10:38:56,477 [ERROR] LogOutputStream:75 - [STDERR_REDIRECT] 
2026-08-13 10:38:57,480 [ERROR] LogOutputStream:75 - [STDERR_REDIRECT] [Fatal Error] :1:1: Premature end of file.
2026-08-13 10:38:57,480 [ERROR] LogOutputStream:75 - [STDERR_REDIRECT] 
2026-08-13 10:38:58,475 [ERROR] LogOutputStream:75 - [STDERR_REDIRECT] [Fatal Error] :1:1: Premature end of file.
2026-08-13 10:38:58,475 [ERROR] LogOutputStream:75 - [STDERR_REDIRECT] 
2026-08-13 10:38:59,486 [ERROR] LogOutputStream:75 - [STDERR_REDIRECT] [Fatal Error] :1:1: Premature end of file.
2026-08-13 10:38:59,486 [ERROR] LogOutputStream:75 - [STDERR_REDIRECT] 
2026-08-13 10:39:00,478 [ERROR] LogOutputStream:75 - [STDERR_REDIRECT] [Fatal Error] :1:1: Premature end of file.
2026-08-13 10:39:00,478 [ERROR] LogOutputStream:75 - [STDERR_REDIRECT] 
2026-08-13 10:39:01,480 [ERROR] LogOutputStream:75 - [STDERR_REDIRECT] [Fatal Error] :1:1: Premature end of file.
2026-08-13 10:39:01,480 [ERROR] LogOutputStream:75 - [STDERR_REDIRECT] 
2026-08-13 10:39:02,480 [ERROR] LogOutputStream:75 - [STDERR_REDIRECT] [Fatal Error] :1:1: Premature end of file.
2026-08-13 10:39:02,480 [ERROR] LogOutputStream:75 - [STDERR_REDIRECT] 
2026-08-13 10:39:03,477 [ERROR] LogOutputStream:75 - [STDERR_REDIRECT] [Fatal Error] :1:1: Premature end of file.
2026-08-13 10:39:03,477 [ERROR] LogOutputStream:75 - [STDERR_REDIRECT] 
2026-08-13 10:39:04,477 [ERROR] LogOutputStream:75 - [STDERR_REDIRECT] [Fatal Error] :1:1: Premature end of file.
2026-08-13 10:39:04,477 [ERROR] LogOutputStream:75 - [STDERR_REDIRECT] 
2026-08-13 10:39:05,477 [ERROR] LogOutputStream:75 - [STDERR_REDIRECT] [Fatal Error] :1:1: Premature end of file.
2026-08-13 10:39:05,477 [ERROR] LogOutputStream:75 - [STDERR_REDIRECT] 
2026-08-13 10:39:06,479 [ERROR] LogOutputStream:75 - [STDERR_REDIRECT] [Fatal Error] :1:1: Premature end of file.
2026-08-13 10:39:06,480 [ERROR] LogOutputStream:75 - [STDERR_REDIRECT] 
2026-08-13 10:39:07,475 [ERROR] LogOutputStream:75 - [STDERR_REDIRECT] [Fatal Error] :1:1: Premature end of file.
2026-08-13 10:39:07,475 [ERROR] LogOutputStream:75 - [STDERR_REDIRECT] 
2026-08-13 10:39:08,477 [ERROR] LogOutputStream:75 - [STDERR_REDIRECT] [Fatal Error] :1:1: Premature end of file.
2026-08-13 10:39:08,477 [ERROR] LogOutputStream:75 - [STDERR_REDIRECT] 
2026-08-13 10:39:09,478 [ERROR] LogOutputStream:75 - [STDERR_REDIRECT] [Fatal Error] :1:1: Premature end of file.
2026-08-13 10:39:09,478 [ERROR] LogOutputStream:75 - [STDERR_REDIRECT] 
2026-08-13 10:39:10,476 [ERROR] LogOutputStream:75 - [STDERR_REDIRECT] [Fatal Error] :1:1: Premature end of file.
2026-08-13 10:39:10,476 [ERROR] LogOutputStream:75 - [STDERR_REDIRECT] 
2026-08-13 10:39:11,478 [ERROR] LogOutputStream:75 - [STDERR_REDIRECT] [Fatal Error] :1:1: Premature end of file.
2026-08-13 10:39:11,478 [ERROR] LogOutputStream:75 - [STDERR_REDIRECT] 
2026-08-13 10:39:12,475 [ERROR] LogOutputStream:75 - [STDERR_REDIRECT] [Fatal Error] :1:1: Premature end of file.
2026-08-13 10:39:12,476 [ERROR] LogOutputStream:75 - [STDERR_REDIRECT] 
2026-08-13 10:39:13,477 [ERROR] LogOutputStream:75 - [STDERR_REDIRECT] [Fatal Error] :1:1: Premature end of file.
2026-08-13 10:39:13,477 [ERROR] LogOutputStream:75 - [STDERR_REDIRECT] 
2026-08-13 10:39:14,476 [ERROR] LogOutputStream:75 - [STDERR_REDIRECT] [Fatal Error] :1:1: Premature end of file.
2026-08-13 10:39:14,477 [ERROR] LogOutputStream:75 - [STDERR_REDIRECT] 
2026-08-13 10:39:15,476 [ERROR] LogOutputStream:75 - [STDERR_REDIRECT] [Fatal Error] :1:1: Premature end of file.
2026-08-13 10:39:15,476 [ERROR] LogOutputStream:75 - [STDERR_REDIRECT] 
2026-08-13 10:39:16,479 [ERROR] LogOutputStream:75 - [STDERR_REDIRECT] [Fatal Error] :1:1: Premature end of file.
2026-08-13 10:39:16,479 [ERROR] LogOutputStream:75 - [STDERR_REDIRECT] 
2026-08-13 10:39:17,498 [ERROR] LogOutputStream:75 - [STDERR_REDIRECT] [Fatal Error] :1:1: Premature end of file.
2026-08-13 10:39:17,499 [ERROR] LogOutputStream:75 - [STDERR_REDIRECT] 
2026-08-13 10:39:18,498 [ERROR] LogOutputStream:75 - [STDERR_REDIRECT] [Fatal Error] :1:1: Premature end of file.
2026-08-13 10:39:18,498 [ERROR] LogOutputStream:75 - [STDERR_REDIRECT] 
2026-08-13 10:39:19,483 [ERROR] LogOutputStream:75 - [STDERR_REDIRECT] [Fatal Error] :1:1: Premature end of file.
2026-08-13 10:39:19,484 [ERROR] LogOutputStream:75 - [STDERR_REDIRECT] 
2026-08-13 10:39:20,487 [ERROR] LogOutputStream:75 - [STDERR_REDIRECT] [Fatal Error] :1:1: Premature end of file.
2026-08-13 10:39:20,487 [ERROR] LogOutputStream:75 - [STDERR_REDIRECT] 
2026-08-13 10:39:21,484 [ERROR] LogOutputStream:75 - [STDERR_REDIRECT] [Fatal Error] :1:1: Premature end of file.
2026-08-13 10:39:21,484 [ERROR] LogOutputStream:75 - [STDERR_REDIRECT] 
2026-08-13 10:39:22,480 [ERROR] LogOutputStream:75 - [STDERR_REDIRECT] [Fatal Error] :1:1: Premature end of file.
2026-08-13 10:39:22,480 [ERROR] LogOutputStream:75 - [STDERR_REDIRECT] 
2026-08-13 10:39:23,487 [ERROR] LogOutputStream:75 - [STDERR_REDIRECT] [Fatal Error] :1:1: Premature end of file.
2026-08-13 10:39:23,487 [ERROR] LogOutputStream:75 - [STDERR_REDIRECT] 
2026-08-13 10:39:24,480 [ERROR] LogOutputStream:75 - [STDERR_REDIRECT] [Fatal Error] :1:1: Premature end of file.
2026-08-13 10:39:24,480 [ERROR] LogOutputStream:75 - [STDERR_REDIRECT] 
2026-08-13 10:39:25,476 [ERROR] LogOutputStream:75 - [STDERR_REDIRECT] [Fatal Error] :1:1: Premature end of file.
2026-08-13 10:39:25,477 [ERROR] LogOutputStream:75 - [STDERR_REDIRECT] 
2026-08-13 10:39:26,484 [ERROR] LogOutputStream:75 - [STDERR_REDIRECT] [Fatal Error] :1:1: Premature end of file.
2026-08-13 10:39:26,485 [ERROR] LogOutputStream:75 - [STDERR_REDIRECT] 
2026-08-13 10:39:27,475 [ERROR] LogOutputStream:75 - [STDERR_REDIRECT] [Fatal Error] :1:1: Premature end of file.
2026-08-13 10:39:27,475 [ERROR] LogOutputStream:75 - [STDERR_REDIRECT] 
2026-08-13 10:39:28,476 [ERROR] LogOutputStream:75 - [STDERR_REDIRECT] [Fatal Error] :1:1: Premature end of file.
2026-08-13 10:39:28,476 [ERROR] LogOutputStream:75 - [STDERR_REDIRECT] 
2026-08-13 10:39:29,478 [ERROR] LogOutputStream:75 - [STDERR_REDIRECT] [Fatal Error] :1:1: Premature end of file.
2026-08-13 10:39:29,478 [ERROR] LogOutputStream:75 - [STDERR_REDIRECT] 
2026-08-13 10:39:30,485 [ERROR] LogOutputStream:75 - [STDERR_REDIRECT] [Fatal Error] :1:1: Premature end of file.
2026-08-13 10:39:30,485 [ERROR] LogOutputStream:75 - [STDERR_REDIRECT] 
2026-08-13 10:39:31,477 [ERROR] LogOutputStream:75 - [STDERR_REDIRECT] [Fatal Error] :1:1: Premature end of file.
2026-08-13 10:39:31,477 [ERROR] LogOutputStream:75 - [STDERR_REDIRECT] 
2026-08-13 10:39:32,478 [ERROR] LogOutputStream:75 - [STDERR_REDIRECT] [Fatal Error] :1:1: Premature end of file.
2026-08-13 10:39:32,479 [ERROR] LogOutputStream:75 - [STDERR_REDIRECT] 
2026-08-13 10:39:33,491 [ERROR] LogOutputStream:75 - [STDERR_REDIRECT] [Fatal Error] :1:1: Premature end of file.
2026-08-13 10:39:33,491 [ERROR] LogOutputStream:75 - [STDERR_REDIRECT] 
2026-08-13 10:39:34,480 [ERROR] LogOutputStream:75 - [STDERR_REDIRECT] [Fatal Error] :1:1: Premature end of file.
2026-08-13 10:39:34,481 [ERROR] LogOutputStream:75 - [STDERR_REDIRECT] 
2026-08-13 10:39:35,483 [ERROR] LogOutputStream:75 - [STDERR_REDIRECT] [Fatal Error] :1:1: Premature end of file.
2026-08-13 10:39:35,484 [ERROR] LogOutputStream:75 - [STDERR_REDIRECT] 
2026-08-13 10:39:36,474 [ERROR] LogOutputStream:75 - [STDERR_REDIRECT] [Fatal Error] :1:1: Premature end of file.
2026-08-13 10:39:36,475 [ERROR] LogOutputStream:75 - [STDERR_REDIRECT] 
2026-08-13 10:39:37,477 [ERROR] LogOutputStream:75 - [STDERR_REDIRECT] [Fatal Error] :1:1: Premature end of file.
2026-08-13 10:39:37,477 [ERROR] LogOutputStream:75 - [STDERR_REDIRECT] 
2026-08-13 10:39:38,476 [ERROR] LogOutputStream:75 - [STDERR_REDIRECT] [Fatal Error] :1:1: Premature end of file.
2026-08-13 10:39:38,476 [ERROR] LogOutputStream:75 - [STDERR_REDIRECT] 
2026-08-13 10:39:39,501 [ERROR] LogOutputStream:75 - [STDERR_REDIRECT] [Fatal Error] :1:1: Premature end of file.
2026-08-13 10:39:39,501 [ERROR] LogOutputStream:75 - [STDERR_REDIRECT] 
2026-08-13 10:39:40,479 [ERROR] LogOutputStream:75 - [STDERR_REDIRECT] [Fatal Error] :1:1: Premature end of file.
2026-08-13 10:39:40,479 [ERROR] LogOutputStream:75 - [STDERR_REDIRECT] 
2026-08-13 10:39:41,484 [ERROR] LogOutputStream:75 - [STDERR_REDIRECT] [Fatal Error] :1:1: Premature end of file.
2026-08-13 10:39:41,484 [ERROR] LogOutputStream:75 - [STDERR_REDIRECT] 
2026-08-13 10:39:42,478 [ERROR] LogOutputStream:75 - [STDERR_REDIRECT] [Fatal Error] :1:1: Premature end of file.
2026-08-13 10:39:42,478 [ERROR] LogOutputStream:75 - [STDERR_REDIRECT] 
2026-08-13 10:39:43,490 [ERROR] LogOutputStream:75 - [STDERR_REDIRECT] [Fatal Error] :1:1: Premature end of file.
2026-08-13 10:39:43,490 [ERROR] LogOutputStream:75 - [STDERR_REDIRECT] 
2026-08-13 10:39:44,492 [ERROR] LogOutputStream:75 - [STDERR_REDIRECT] [Fatal Error] :1:1: Premature end of file.
2026-08-13 10:39:44,492 [ERROR] LogOutputStream:75 - [STDERR_REDIRECT] 
2026-08-13 10:39:45,479 [ERROR] LogOutputStream:75 - [STDERR_REDIRECT] [Fatal Error] :1:1: Premature end of file.
2026-08-13 10:39:45,479 [ERROR] LogOutputStream:75 - [STDERR_REDIRECT] 
2026-08-13 10:39:46,479 [ERROR] LogOutputStream:75 - [STDERR_REDIRECT] [Fatal Error] :1:1: Premature end of file.
2026-08-13 10:39:46,480 [ERROR] LogOutputStream:75 - [STDERR_REDIRECT] 
2026-08-13 10:39:47,490 [ERROR] LogOutputStream:75 - [STDERR_REDIRECT] [Fatal Error] :1:1: Premature end of file.
2026-08-13 10:39:47,490 [ERROR] LogOutputStream:75 - [STDERR_REDIRECT] 
2026-08-13 10:39:48,477 [ERROR] LogOutputStream:75 - [STDERR_REDIRECT] [Fatal Error] :1:1: Premature end of file.
2026-08-13 10:39:48,477 [ERROR] LogOutputStream:75 - [STDERR_REDIRECT] 
2026-08-13 10:39:49,476 [ERROR] LogOutputStream:75 - [STDERR_REDIRECT] [Fatal Error] :1:1: Premature end of file.
2026-08-13 10:39:49,476 [ERROR] LogOutputStream:75 - [STDERR_REDIRECT] 
2026-08-13 10:39:50,481 [ERROR] LogOutputStream:75 - [STDERR_REDIRECT] [Fatal Error] :1:1: Premature end of file.
2026-08-13 10:39:50,481 [ERROR] LogOutputStream:75 - [STDERR_REDIRECT] 
2026-08-13 10:39:51,484 [ERROR] LogOutputStream:75 - [STDERR_REDIRECT] [Fatal Error] :1:1: Premature end of file.
2026-08-13 10:39:51,485 [ERROR] LogOutputStream:75 - [STDERR_REDIRECT] 
2026-08-13 10:39:52,486 [ERROR] LogOutputStream:75 - [STDERR_REDIRECT] [Fatal Error] :1:1: Premature end of file.
2026-08-13 10:39:52,486 [ERROR] LogOutputStream:75 - [STDERR_REDIRECT] 
2026-08-13 10:39:53,476 [ERROR] LogOutputStream:75 - [STDERR_REDIRECT] [Fatal Error] :1:1: Premature end of file.
2026-08-13 10:39:53,476 [ERROR] LogOutputStream:75 - [STDERR_REDIRECT] 
2026-08-13 10:39:54,475 [ERROR] LogOutputStream:75 - [STDERR_REDIRECT] [Fatal Error] :1:1: Premature end of file.
2026-08-13 10:39:54,475 [ERROR] LogOutputStream:75 - [STDERR_REDIRECT] 
2026-08-13 10:39:55,488 [ERROR] LogOutputStream:75 - [STDERR_REDIRECT] [Fatal Error] :1:1: Premature end of file.
2026-08-13 10:39:55,488 [ERROR] LogOutputStream:75 - [STDERR_REDIRECT] 
2026-08-13 10:39:56,494 [ERROR] LogOutputStream:75 - [STDERR_REDIRECT] [Fatal Error] :1:1: Premature end of file.
2026-08-13 10:39:56,495 [ERROR] LogOutputStream:75 - [STDERR_REDIRECT] 
2026-08-13 10:39:57,477 [ERROR] LogOutputStream:75 - [STDERR_REDIRECT] [Fatal Error] :1:1: Premature end of file.
2026-08-13 10:39:57,477 [ERROR] LogOutputStream:75 - [STDERR_REDIRECT] 
2026-08-13 10:39:58,478 [ERROR] LogOutputStream:75 - [STDERR_REDIRECT] [Fatal Error] :1:1: Premature end of file.
2026-08-13 10:39:58,479 [ERROR] LogOutputStream:75 - [STDERR_REDIRECT] 
2026-08-13 10:39:59,478 [ERROR] LogOutputStream:75 - [STDERR_REDIRECT] [Fatal Error] :1:1: Premature end of file.
2026-08-13 10:39:59,478 [ERROR] LogOutputStream:75 - [STDERR_REDIRECT] 
2026-08-13 10:40:00,475 [ERROR] LogOutputStream:75 - [STDERR_REDIRECT] [Fatal Error] :1:1: Premature end of file.
2026-08-13 10:40:00,475 [ERROR] LogOutputStream:75 - [STDERR_REDIRECT] 
2026-08-13 10:40:01,477 [ERROR] LogOutputStream:75 - [STDERR_REDIRECT] [Fatal Error] :1:1: Premature end of file.
2026-08-13 10:40:01,477 [ERROR] LogOutputStream:75 - [STDERR_REDIRECT] 
2026-08-13 10:40:02,511 [ERROR] LogOutputStream:75 - [STDERR_REDIRECT] [Fatal Error] :1:1: Premature end of file.
2026-08-13 10:40:02,512 [ERROR] LogOutputStream:75 - [STDERR_REDIRECT] 
2026-08-13 10:40:03,492 [ERROR] LogOutputStream:75 - [STDERR_REDIRECT] [Fatal Error] :1:1: Premature end of file.
2026-08-13 10:40:03,492 [ERROR] LogOutputStream:75 - [STDERR_REDIRECT] 
2026-08-13 10:40:04,477 [ERROR] LogOutputStream:75 - [STDERR_REDIRECT] [Fatal Error] :1:1: Premature end of file.
2026-08-13 10:40:04,478 [ERROR] LogOutputStream:75 - [STDERR_REDIRECT] 
2026-08-13 10:40:05,521 [ERROR] LogOutputStream:75 - [STDERR_REDIRECT] [Fatal Error] :1:1: Premature end of file.
2026-08-13 10:40:05,521 [ERROR] LogOutputStream:75 - [STDERR_REDIRECT] 
2026-08-13 10:40:06,484 [ERROR] LogOutputStream:75 - [STDERR_REDIRECT] [Fatal Error] :1:1: Premature end of file.
2026-08-13 10:40:06,484 [ERROR] LogOutputStream:75 - [STDERR_REDIRECT] 
2026-08-13 10:40:07,492 [ERROR] LogOutputStream:75 - [STDERR_REDIRECT] [Fatal Error] :1:1: Premature end of file.
2026-08-13 10:40:07,492 [ERROR] LogOutputStream:75 - [STDERR_REDIRECT] 
2026-08-13 10:40:08,477 [ERROR] LogOutputStream:75 - [STDERR_REDIRECT] [Fatal Error] :1:1: Premature end of file.
2026-08-13 10:40:08,477 [ERROR] LogOutputStream:75 - [STDERR_REDIRECT] 
2026-08-13 10:40:09,495 [ERROR] LogOutputStream:75 - [STDERR_REDIRECT] [Fatal Error] :1:1: Premature end of file.
2026-08-13 10:40:09,495 [ERROR] LogOutputStream:75 - [STDERR_REDIRECT] 
2026-08-13 10:40:10,484 [ERROR] LogOutputStream:75 - [STDERR_REDIRECT] [Fatal Error] :1:1: Premature end of file.
2026-08-13 10:40:10,484 [ERROR] LogOutputStream:75 - [STDERR_REDIRECT] 
2026-08-13 10:40:11,557 [ERROR] LogOutputStream:75 - [STDERR_REDIRECT] [Fatal Error] :1:1: Premature end of file.
2026-08-13 10:40:11,557 [ERROR] LogOutputStream:75 - [STDERR_REDIRECT] 
2026-08-13 10:40:12,488 [ERROR] LogOutputStream:75 - [STDERR_REDIRECT] [Fatal Error] :1:1: Premature end of file.
2026-08-13 10:40:12,488 [ERROR] LogOutputStream:75 - [STDERR_REDIRECT] 
2026-08-13 10:40:13,554 [ERROR] LogOutputStream:75 - [STDERR_REDIRECT] [Fatal Error] :1:1: Premature end of file.
2026-08-13 10:40:13,554 [ERROR] LogOutputStream:75 - [STDERR_REDIRECT] 
2026-08-13 10:40:14,497 [ERROR] LogOutputStream:75 - [STDERR_REDIRECT] [Fatal Error] :1:1: Premature end of file.
2026-08-13 10:40:14,497 [ERROR] LogOutputStream:75 - [STDERR_REDIRECT] 
2026-08-13 10:40:15,562 [ERROR] LogOutputStream:75 - [STDERR_REDIRECT] [Fatal Error] :1:1: Premature end of file.
2026-08-13 10:40:15,563 [ERROR] LogOutputStream:75 - [STDERR_REDIRECT] 
2026-08-13 10:40:16,485 [ERROR] LogOutputStream:75 - [STDERR_REDIRECT] [Fatal Error] :1:1: Premature end of file.
2026-08-13 10:40:16,486 [ERROR] LogOutputStream:75 - [STDERR_REDIRECT] 
2026-08-13 10:40:17,504 [ERROR] LogOutputStream:75 - [STDERR_REDIRECT] [Fatal Error] :1:1: Premature end of file.
2026-08-13 10:40:17,504 [ERROR] LogOutputStream:75 - [STDERR_REDIRECT] 
2026-08-13 10:40:18,478 [ERROR] LogOutputStream:75 - [STDERR_REDIRECT] [Fatal Error] :1:1: Premature end of file.
2026-08-13 10:40:18,478 [ERROR] LogOutputStream:75 - [STDERR_REDIRECT] 
2026-08-13 10:40:19,493 [ERROR] LogOutputStream:75 - [STDERR_REDIRECT] [Fatal Error] :1:1: Premature end of file.
2026-08-13 10:40:19,493 [ERROR] LogOutputStream:75 - [STDERR_REDIRECT] 
2026-08-13 10:40:20,478 [ERROR] LogOutputStream:75 - [STDERR_REDIRECT] [Fatal Error] :1:1: Premature end of file.
2026-08-13 10:40:20,478 [ERROR] LogOutputStream:75 - [STDERR_REDIRECT] 
2026-08-13 10:40:21,487 [ERROR] LogOutputStream:75 - [STDERR_REDIRECT] [Fatal Error] :1:1: Premature end of file.
2026-08-13 10:40:21,487 [ERROR] LogOutputStream:75 - [STDERR_REDIRECT] 
2026-08-13 10:40:22,490 [ERROR] LogOutputStream:75 - [STDERR_REDIRECT] [Fatal Error] :1:1: Premature end of file.
2026-08-13 10:40:22,490 [ERROR] LogOutputStream:75 - [STDERR_REDIRECT] 
2026-08-13 10:40:23,482 [ERROR] LogOutputStream:75 - [STDERR_REDIRECT] [Fatal Error] :1:1: Premature end of file.
2026-08-13 10:40:23,483 [ERROR] LogOutputStream:75 - [STDERR_REDIRECT] 
2026-08-13 10:40:24,486 [ERROR] LogOutputStream:75 - [STDERR_REDIRECT] [Fatal Error] :1:1: Premature end of file.
2026-08-13 10:40:24,487 [ERROR] LogOutputStream:75 - [STDERR_REDIRECT] 
2026-08-13 10:40:25,476 [ERROR] LogOutputStream:75 - [STDERR_REDIRECT] [Fatal Error] :1:1: Premature end of file.
2026-08-13 10:40:25,476 [ERROR] LogOutputStream:75 - [STDERR_REDIRECT] 
2026-08-13 10:40:26,474 [ERROR] LogOutputStream:75 - [STDERR_REDIRECT] [Fatal Error] :1:1: Premature end of file.
2026-08-13 10:40:26,475 [ERROR] LogOutputStream:75 - [STDERR_REDIRECT] 
2026-08-13 10:40:27,484 [ERROR] LogOutputStream:75 - [STDERR_REDIRECT] [Fatal Error] :1:1: Premature end of file.
2026-08-13 10:40:27,484 [ERROR] LogOutputStream:75 - [STDERR_REDIRECT] 
2026-08-13 10:40:28,476 [ERROR] LogOutputStream:75 - [STDERR_REDIRECT] [Fatal Error] :1:1: Premature end of file.
2026-08-13 10:40:28,476 [ERROR] LogOutputStream:75 - [STDERR_REDIRECT] 
2026-08-13 10:40:29,488 [ERROR] LogOutputStream:75 - [STDERR_REDIRECT] [Fatal Error] :1:1: Premature end of file.
2026-08-13 10:40:29,488 [ERROR] LogOutputStream:75 - [STDERR_REDIRECT] 
2026-08-13 10:40:30,477 [ERROR] LogOutputStream:75 - [STDERR_REDIRECT] [Fatal Error] :1:1: Premature end of file.
2026-08-13 10:40:30,477 [ERROR] LogOutputStream:75 - [STDERR_REDIRECT] 
2026-08-13 10:40:31,480 [ERROR] LogOutputStream:75 - [STDERR_REDIRECT] [Fatal Error] :1:1: Premature end of file.
2026-08-13 10:40:31,481 [ERROR] LogOutputStream:75 - [STDERR_REDIRECT] 
2026-08-13 10:40:32,479 [ERROR] LogOutputStream:75 - [STDERR_REDIRECT] [Fatal Error] :1:1: Premature end of file.
2026-08-13 10:40:32,479 [ERROR] LogOutputStream:75 - [STDERR_REDIRECT] 
2026-08-13 10:40:33,493 [ERROR] LogOutputStream:75 - [STDERR_REDIRECT] [Fatal Error] :1:1: Premature end of file.
2026-08-13 10:40:33,494 [ERROR] LogOutputStream:75 - [STDERR_REDIRECT] 
2026-08-13 10:40:34,481 [ERROR] LogOutputStream:75 - [STDERR_REDIRECT] [Fatal Error] :1:1: Premature end of file.
2026-08-13 10:40:34,481 [ERROR] LogOutputStream:75 - [STDERR_REDIRECT] 
2026-08-13 10:40:35,481 [ERROR] LogOutputStream:75 - [STDERR_REDIRECT] [Fatal Error] :1:1: Premature end of file.
2026-08-13 10:40:35,482 [ERROR] LogOutputStream:75 - [STDERR_REDIRECT] 
2026-08-13 10:40:36,478 [ERROR] LogOutputStream:75 - [STDERR_REDIRECT] [Fatal Error] :1:1: Premature end of file.
2026-08-13 10:40:36,478 [ERROR] LogOutputStream:75 - [STDERR_REDIRECT] 
2026-08-13 10:40:37,476 [ERROR] LogOutputStream:75 - [STDERR_REDIRECT] [Fatal Error] :1:1: Premature end of file.
2026-08-13 10:40:37,476 [ERROR] LogOutputStream:75 - [STDERR_REDIRECT] 
2026-08-13 10:40:38,477 [ERROR] LogOutputStream:75 - [STDERR_REDIRECT] [Fatal Error] :1:1: Premature end of file.
2026-08-13 10:40:38,477 [ERROR] LogOutputStream:75 - [STDERR_REDIRECT] 
2026-08-13 10:40:39,478 [ERROR] LogOutputStream:75 - [STDERR_REDIRECT] [Fatal Error] :1:1: Premature end of file.
2026-08-13 10:40:39,478 [ERROR] LogOutputStream:75 - [STDERR_REDIRECT] 
2026-08-13 10:40:40,476 [ERROR] LogOutputStream:75 - [STDERR_REDIRECT] [Fatal Error] :1:1: Premature end of file.
2026-08-13 10:40:40,476 [ERROR] LogOutputStream:75 - [STDERR_REDIRECT] 
2026-08-13 10:40:41,481 [ERROR] LogOutputStream:75 - [STDERR_REDIRECT] [Fatal Error] :1:1: Premature end of file.
2026-08-13 10:40:41,482 [ERROR] LogOutputStream:75 - [STDERR_REDIRECT] 
2026-08-13 10:40:42,483 [ERROR] LogOutputStream:75 - [STDERR_REDIRECT] [Fatal Error] :1:1: Premature end of file.
2026-08-13 10:40:42,483 [ERROR] LogOutputStream:75 - [STDERR_REDIRECT] 
2026-08-13 10:40:43,476 [ERROR] LogOutputStream:75 - [STDERR_REDIRECT] [Fatal Error] :1:1: Premature end of file.
2026-08-13 10:40:43,477 [ERROR] LogOutputStream:75 - [STDERR_REDIRECT] 
2026-08-13 10:40:44,474 [ERROR] LogOutputStream:75 - [STDERR_REDIRECT] [Fatal Error] :1:1: Premature end of file.
2026-08-13 10:40:44,474 [ERROR] LogOutputStream:75 - [STDERR_REDIRECT] 
2026-08-13 10:40:45,478 [ERROR] LogOutputStream:75 - [STDERR_REDIRECT] [Fatal Error] :1:1: Premature end of file.
2026-08-13 10:40:45,478 [ERROR] LogOutputStream:75 - [STDERR_REDIRECT] 
2026-08-13 10:40:46,488 [ERROR] LogOutputStream:75 - [STDERR_REDIRECT] [Fatal Error] :1:1: Premature end of file.
2026-08-13 10:40:46,488 [ERROR] LogOutputStream:75 - [STDERR_REDIRECT] 
2026-08-13 10:40:47,482 [ERROR] LogOutputStream:75 - [STDERR_REDIRECT] [Fatal Error] :1:1: Premature end of file.
2026-08-13 10:40:47,483 [ERROR] LogOutputStream:75 - [STDERR_REDIRECT] 
2026-08-13 10:40:48,479 [ERROR] LogOutputStream:75 - [STDERR_REDIRECT] [Fatal Error] :1:1: Premature end of file.
2026-08-13 10:40:48,479 [ERROR] LogOutputStream:75 - [STDERR_REDIRECT] 
2026-08-13 10:40:49,475 [ERROR] LogOutputStream:75 - [STDERR_REDIRECT] [Fatal Error] :1:1: Premature end of file.
2026-08-13 10:40:49,476 [ERROR] LogOutputStream:75 - [STDERR_REDIRECT] 
2026-08-13 10:40:50,477 [ERROR] LogOutputStream:75 - [STDERR_REDIRECT] [Fatal Error] :1:1: Premature end of file.
2026-08-13 10:40:50,478 [ERROR] LogOutputStream:75 - [STDERR_REDIRECT] 
2026-08-13 10:40:51,490 [ERROR] LogOutputStream:75 - [STDERR_REDIRECT] [Fatal Error] :1:1: Premature end of file.
2026-08-13 10:40:51,490 [ERROR] LogOutputStream:75 - [STDERR_REDIRECT] 
2026-08-13 10:40:52,475 [ERROR] LogOutputStream:75 - [STDERR_REDIRECT] [Fatal Error] :1:1: Premature end of file.
2026-08-13 10:40:52,475 [ERROR] LogOutputStream:75 - [STDERR_REDIRECT] 
2026-08-13 10:40:53,477 [ERROR] LogOutputStream:75 - [STDERR_REDIRECT] [Fatal Error] :1:1: Premature end of file.
2026-08-13 10:40:53,477 [ERROR] LogOutputStream:75 - [STDERR_REDIRECT] 
2026-08-13 10:40:54,476 [ERROR] LogOutputStream:75 - [STDERR_REDIRECT] [Fatal Error] :1:1: Premature end of file.
2026-08-13 10:40:54,476 [ERROR] LogOutputStream:75 - [STDERR_REDIRECT] 
2026-08-13 10:40:55,487 [ERROR] LogOutputStream:75 - [STDERR_REDIRECT] [Fatal Error] :1:1: Premature end of file.
2026-08-13 10:40:55,487 [ERROR] LogOutputStream:75 - [STDERR_REDIRECT] 
2026-08-13 10:40:56,487 [ERROR] LogOutputStream:75 - [STDERR_REDIRECT] [Fatal Error] :1:1: Premature end of file.
2026-08-13 10:40:56,487 [ERROR] LogOutputStream:75 - [STDERR_REDIRECT] 
2026-08-13 10:40:57,485 [ERROR] LogOutputStream:75 - [STDERR_REDIRECT] [Fatal Error] :1:1: Premature end of file.
2026-08-13 10:40:57,486 [ERROR] LogOutputStream:75 - [STDERR_REDIRECT] 
2026-08-13 10:40:58,488 [ERROR] LogOutputStream:75 - [STDERR_REDIRECT] [Fatal Error] :1:1: Premature end of file.
2026-08-13 10:40:58,489 [ERROR] LogOutputStream:75 - [STDERR_REDIRECT] 
2026-08-13 10:40:59,498 [ERROR] LogOutputStream:75 - [STDERR_REDIRECT] [Fatal Error] :1:1: Premature end of file.
2026-08-13 10:40:59,498 [ERROR] LogOutputStream:75 - [STDERR_REDIRECT] 
2026-08-13 10:41:00,478 [ERROR] LogOutputStream:75 - [STDERR_REDIRECT] [Fatal Error] :1:1: Premature end of file.
2026-08-13 10:41:00,478 [ERROR] LogOutputStream:75 - [STDERR_REDIRECT] 
2026-08-13 10:41:01,479 [ERROR] LogOutputStream:75 - [STDERR_REDIRECT] [Fatal Error] :1:1: Premature end of file.
2026-08-13 10:41:01,479 [ERROR] LogOutputStream:75 - [STDERR_REDIRECT] 
2026-08-13 10:41:02,478 [ERROR] LogOutputStream:75 - [STDERR_REDIRECT] [Fatal Error] :1:1: Premature end of file.
2026-08-13 10:41:02,479 [ERROR] LogOutputStream:75 - [STDERR_REDIRECT] 
2026-08-13 10:41:03,477 [ERROR] LogOutputStream:75 - [STDERR_REDIRECT] [Fatal Error] :1:1: Premature end of file.
2026-08-13 10:41:03,478 [ERROR] LogOutputStream:75 - [STDERR_REDIRECT] 
2026-08-13 10:41:04,482 [ERROR] LogOutputStream:75 - [STDERR_REDIRECT] [Fatal Error] :1:1: Premature end of file.
2026-08-13 10:41:04,483 [ERROR] LogOutputStream:75 - [STDERR_REDIRECT] 
2026-08-13 10:41:05,481 [ERROR] LogOutputStream:75 - [STDERR_REDIRECT] [Fatal Error] :1:1: Premature end of file.
2026-08-13 10:41:05,481 [ERROR] LogOutputStream:75 - [STDERR_REDIRECT] 
2026-08-13 10:41:06,489 [ERROR] LogOutputStream:75 - [STDERR_REDIRECT] [Fatal Error] :1:1: Premature end of file.
2026-08-13 10:41:06,489 [ERROR] LogOutputStream:75 - [STDERR_REDIRECT] 
2026-08-13 10:41:07,482 [ERROR] LogOutputStream:75 - [STDERR_REDIRECT] [Fatal Error] :1:1: Premature end of file.
2026-08-13 10:41:07,482 [ERROR] LogOutputStream:75 - [STDERR_REDIRECT] 
2026-08-13 10:41:08,490 [ERROR] LogOutputStream:75 - [STDERR_REDIRECT] [Fatal Error] :1:1: Premature end of file.
2026-08-13 10:41:08,490 [ERROR] LogOutputStream:75 - [STDERR_REDIRECT] 
2026-08-13 10:41:09,492 [ERROR] LogOutputStream:75 - [STDERR_REDIRECT] [Fatal Error] :1:1: Premature end of file.
2026-08-13 10:41:09,492 [ERROR] LogOutputStream:75 - [STDERR_REDIRECT] 
2026-08-13 10:41:10,478 [ERROR] LogOutputStream:75 - [STDERR_REDIRECT] [Fatal Error] :1:1: Premature end of file.
2026-08-13 10:41:10,478 [ERROR] LogOutputStream:75 - [STDERR_REDIRECT] 
2026-08-13 10:41:11,475 [ERROR] LogOutputStream:75 - [STDERR_REDIRECT] [Fatal Error] :1:1: Premature end of file.
2026-08-13 10:41:11,475 [ERROR] LogOutputStream:75 - [STDERR_REDIRECT] 
2026-08-13 10:41:12,478 [ERROR] LogOutputStream:75 - [STDERR_REDIRECT] [Fatal Error] :1:1: Premature end of file.
2026-08-13 10:41:12,478 [ERROR] LogOutputStream:75 - [STDERR_REDIRECT] 
2026-08-13 10:41:13,476 [ERROR] LogOutputStream:75 - [STDERR_REDIRECT] [Fatal Error] :1:1: Premature end of file.
2026-08-13 10:41:13,477 [ERROR] LogOutputStream:75 - [STDERR_REDIRECT] 
2026-08-13 10:41:14,476 [ERROR] LogOutputStream:75 - [STDERR_REDIRECT] [Fatal Error] :1:1: Premature end of file.
2026-08-13 10:41:14,476 [ERROR] LogOutputStream:75 - [STDERR_REDIRECT] 
2026-08-13 10:41:15,475 [ERROR] LogOutputStream:75 - [STDERR_REDIRECT] [Fatal Error] :1:1: Premature end of file.
2026-08-13 10:41:15,475 [ERROR] LogOutputStream:75 - [STDERR_REDIRECT] 
2026-08-13 10:41:16,476 [ERROR] LogOutputStream:75 - [STDERR_REDIRECT] [Fatal Error] :1:1: Premature end of file.
2026-08-13 10:41:16,477 [ERROR] LogOutputStream:75 - [STDERR_REDIRECT] 
2026-08-13 10:41:17,476 [ERROR] LogOutputStream:75 - [STDERR_REDIRECT] [Fatal Error] :1:1: Premature end of file.
2026-08-13 10:41:17,477 [ERROR] LogOutputStream:75 - [STDERR_REDIRECT] 
2026-08-13 10:41:18,475 [ERROR] LogOutputStream:75 - [STDERR_REDIRECT] [Fatal Error] :1:1: Premature end of file.
2026-08-13 10:41:18,476 [ERROR] LogOutputStream:75 - [STDERR_REDIRECT] 
2026-08-13 10:41:19,478 [ERROR] LogOutputStream:75 - [STDERR_REDIRECT] [Fatal Error] :1:1: Premature end of file.
2026-08-13 10:41:19,478 [ERROR] LogOutputStream:75 - [STDERR_REDIRECT] 
2026-08-13 10:41:20,478 [ERROR] LogOutputStream:75 - [STDERR_REDIRECT] [Fatal Error] :1:1: Premature end of file.
2026-08-13 10:41:20,478 [ERROR] LogOutputStream:75 - [STDERR_REDIRECT] 
2026-08-13 10:41:21,478 [ERROR] LogOutputStream:75 - [STDERR_REDIRECT] [Fatal Error] :1:1: Premature end of file.
2026-08-13 10:41:21,478 [ERROR] LogOutputStream:75 - [STDERR_REDIRECT] 
2026-08-13 10:41:22,478 [ERROR] LogOutputStream:75 - [STDERR_REDIRECT] [Fatal Error] :1:1: Premature end of file.
2026-08-13 10:41:22,478 [ERROR] LogOutputStream:75 - [STDERR_REDIRECT] 
2026-08-13 10:41:23,476 [ERROR] LogOutputStream:75 - [STDERR_REDIRECT] [Fatal Error] :1:1: Premature end of file.
2026-08-13 10:41:23,477 [ERROR] LogOutputStream:75 - [STDERR_REDIRECT] 
2026-08-13 10:41:24,477 [ERROR] LogOutputStream:75 - [STDERR_REDIRECT] [Fatal Error] :1:1: Premature end of file.
2026-08-13 10:41:24,477 [ERROR] LogOutputStream:75 - [STDERR_REDIRECT] 
2026-08-13 10:41:25,477 [ERROR] LogOutputStream:75 - [STDERR_REDIRECT] [Fatal Error] :1:1: Premature end of file.
2026-08-13 10:41:25,477 [ERROR] LogOutputStream:75 - [STDERR_REDIRECT] 
2026-08-13 10:41:26,475 [ERROR] LogOutputStream:75 - [STDERR_REDIRECT] [Fatal Error] :1:1: Premature end of file.
2026-08-13 10:41:26,476 [ERROR] LogOutputStream:75 - [STDERR_REDIRECT] 
2026-08-13 10:41:27,476 [ERROR] LogOutputStream:75 - [STDERR_REDIRECT] [Fatal Error] :1:1: Premature end of file.
2026-08-13 10:41:27,476 [ERROR] LogOutputStream:75 - [STDERR_REDIRECT] 
2026-08-13 10:41:28,476 [ERROR] LogOutputStream:75 - [STDERR_REDIRECT] [Fatal Error] :1:1: Premature end of file.
2026-08-13 10:41:28,476 [ERROR] LogOutputStream:75 - [STDERR_REDIRECT] 
2026-08-13 10:41:29,475 [ERROR] LogOutputStream:75 - [STDERR_REDIRECT] [Fatal Error] :1:1: Premature end of file.
2026-08-13 10:41:29,476 [ERROR] LogOutputStream:75 - [STDERR_REDIRECT] 
2026-08-13 10:41:30,478 [ERROR] LogOutputStream:75 - [STDERR_REDIRECT] [Fatal Error] :1:1: Premature end of file.
2026-08-13 10:41:30,478 [ERROR] LogOutputStream:75 - [STDERR_REDIRECT] 
2026-08-13 10:41:31,478 [ERROR] LogOutputStream:75 - [STDERR_REDIRECT] [Fatal Error] :1:1: Premature end of file.
2026-08-13 10:41:31,478 [ERROR] LogOutputStream:75 - [STDERR_REDIRECT] 
2026-08-13 10:41:32,477 [ERROR] LogOutputStream:75 - [STDERR_REDIRECT] [Fatal Error] :1:1: Premature end of file.
2026-08-13 10:41:32,477 [ERROR] LogOutputStream:75 - [STDERR_REDIRECT] 
2026-08-13 10:41:33,477 [ERROR] LogOutputStream:75 - [STDERR_REDIRECT] [Fatal Error] :1:1: Premature end of file.
2026-08-13 10:41:33,477 [ERROR] LogOutputStream:75 - [STDERR_REDIRECT] 
2026-08-13 10:41:34,480 [ERROR] LogOutputStream:75 - [STDERR_REDIRECT] [Fatal Error] :1:1: Premature end of file.
2026-08-13 10:41:34,480 [ERROR] LogOutputStream:75 - [STDERR_REDIRECT] 
2026-08-13 10:41:35,479 [ERROR] LogOutputStream:75 - [STDERR_REDIRECT] [Fatal Error] :1:1: Premature end of file.
2026-08-13 10:41:35,479 [ERROR] LogOutputStream:75 - [STDERR_REDIRECT] 
2026-08-13 10:41:36,479 [ERROR] LogOutputStream:75 - [STDERR_REDIRECT] [Fatal Error] :1:1: Premature end of file.
2026-08-13 10:41:36,479 [ERROR] LogOutputStream:75 - [STDERR_REDIRECT] 
2026-08-13 10:41:37,477 [ERROR] LogOutputStream:75 - [STDERR_REDIRECT] [Fatal Error] :1:1: Premature end of file.
2026-08-13 10:41:37,477 [ERROR] LogOutputStream:75 - [STDERR_REDIRECT] 
2026-08-13 10:41:38,483 [ERROR] LogOutputStream:75 - [STDERR_REDIRECT] [Fatal Error] :1:1: Premature end of file.
2026-08-13 10:41:38,484 [ERROR] LogOutputStream:75 - [STDERR_REDIRECT] 
2026-08-13 10:41:39,478 [ERROR] LogOutputStream:75 - [STDERR_REDIRECT] [Fatal Error] :1:1: Premature end of file.
2026-08-13 10:41:39,478 [ERROR] LogOutputStream:75 - [STDERR_REDIRECT] 
2026-08-13 10:41:40,476 [ERROR] LogOutputStream:75 - [STDERR_REDIRECT] [Fatal Error] :1:1: Premature end of file.
2026-08-13 10:41:40,476 [ERROR] LogOutputStream:75 - [STDERR_REDIRECT] 
2026-08-13 10:41:41,475 [ERROR] LogOutputStream:75 - [STDERR_REDIRECT] [Fatal Error] :1:1: Premature end of file.
2026-08-13 10:41:41,476 [ERROR] LogOutputStream:75 - [STDERR_REDIRECT] 
2026-08-13 10:41:42,476 [ERROR] LogOutputStream:75 - [STDERR_REDIRECT] [Fatal Error] :1:1: Premature end of file.
2026-08-13 10:41:42,476 [ERROR] LogOutputStream:75 - [STDERR_REDIRECT] 
2026-08-13 10:41:43,476 [ERROR] LogOutputStream:75 - [STDERR_REDIRECT] [Fatal Error] :1:1: Premature end of file.
2026-08-13 10:41:43,476 [ERROR] LogOutputStream:75 - [STDERR_REDIRECT] 
2026-08-13 10:41:44,477 [ERROR] LogOutputStream:75 - [STDERR_REDIRECT] [Fatal Error] :1:1: Premature end of file.
2026-08-13 10:41:44,477 [ERROR] LogOutputStream:75 - [STDERR_REDIRECT] 
2026-08-13 10:41:45,477 [ERROR] LogOutputStream:75 - [STDERR_REDIRECT] [Fatal Error] :1:1: Premature end of file.
2026-08-13 10:41:45,478 [ERROR] LogOutputStream:75 - [STDERR_REDIRECT] 
2026-08-13 10:41:46,474 [ERROR] LogOutputStream:75 - [STDERR_REDIRECT] [Fatal Error] :1:1: Premature end of file.
2026-08-13 10:41:46,475 [ERROR] LogOutputStream:75 - [STDERR_REDIRECT] 
2026-08-13 10:41:47,476 [ERROR] LogOutputStream:75 - [STDERR_REDIRECT] [Fatal Error] :1:1: Premature end of file.
2026-08-13 10:41:47,476 [ERROR] LogOutputStream:75 - [STDERR_REDIRECT] 
2026-08-13 10:41:48,476 [ERROR] LogOutputStream:75 - [STDERR_REDIRECT] [Fatal Error] :1:1: Premature end of file.
2026-08-13 10:41:48,476 [ERROR] LogOutputStream:75 - [STDERR_REDIRECT] 
2026-08-13 10:41:49,474 [ERROR] LogOutputStream:75 - [STDERR_REDIRECT] [Fatal Error] :1:1: Premature end of file.
2026-08-13 10:41:49,475 [ERROR] LogOutputStream:75 - [STDERR_REDIRECT] 
2026-08-13 10:41:50,478 [ERROR] LogOutputStream:75 - [STDERR_REDIRECT] [Fatal Error] :1:1: Premature end of file.
2026-08-13 10:41:50,478 [ERROR] LogOutputStream:75 - [STDERR_REDIRECT] 
2026-08-13 10:41:51,480 [ERROR] LogOutputStream:75 - [STDERR_REDIRECT] [Fatal Error] :1:1: Premature end of file.
2026-08-13 10:41:51,480 [ERROR] LogOutputStream:75 - [STDERR_REDIRECT] 
2026-08-13 10:41:52,474 [ERROR] LogOutputStream:75 - [STDERR_REDIRECT] [Fatal Error] :1:1: Premature end of file.
2026-08-13 10:41:52,475 [ERROR] LogOutputStream:75 - [STDERR_REDIRECT] 
2026-08-13 10:41:53,477 [ERROR] LogOutputStream:75 - [STDERR_REDIRECT] [Fatal Error] :1:1: Premature end of file.
2026-08-13 10:41:53,477 [ERROR] LogOutputStream:75 - [STDERR_REDIRECT] 
2026-08-13 10:41:54,476 [ERROR] LogOutputStream:75 - [STDERR_REDIRECT] [Fatal Error] :1:1: Premature end of file.
2026-08-13 10:41:54,476 [ERROR] LogOutputStream:75 - [STDERR_REDIRECT] 
2026-08-13 10:41:55,477 [ERROR] LogOutputStream:75 - [STDERR_REDIRECT] [Fatal Error] :1:1: Premature end of file.
2026-08-13 10:41:55,477 [ERROR] LogOutputStream:75 - [STDERR_REDIRECT] 
2026-08-13 10:41:56,475 [ERROR] LogOutputStream:75 - [STDERR_REDIRECT] [Fatal Error] :1:1: Premature end of file.
2026-08-13 10:41:56,476 [ERROR] LogOutputStream:75 - [STDERR_REDIRECT] 
2026-08-13 10:41:57,475 [ERROR] LogOutputStream:75 - [STDERR_REDIRECT] [Fatal Error] :1:1: Premature end of file.
2026-08-13 10:41:57,475 [ERROR] LogOutputStream:75 - [STDERR_REDIRECT] 
2026-08-13 10:41:58,477 [ERROR] LogOutputStream:75 - [STDERR_REDIRECT] [Fatal Error] :1:1: Premature end of file.
2026-08-13 10:41:58,477 [ERROR] LogOutputStream:75 - [STDERR_REDIRECT] 
2026-08-13 10:41:59,477 [ERROR] LogOutputStream:75 - [STDERR_REDIRECT] [Fatal Error] :1:1: Premature end of file.
2026-08-13 10:41:59,477 [ERROR] LogOutputStream:75 - [STDERR_REDIRECT] 
2026-08-13 10:42:00,478 [ERROR] LogOutputStream:75 - [STDERR_REDIRECT] [Fatal Error] :1:1: Premature end of file.
2026-08-13 10:42:00,478 [ERROR] LogOutputStream:75 - [STDERR_REDIRECT] 
2026-08-13 10:42:01,478 [ERROR] LogOutputStream:75 - [STDERR_REDIRECT] [Fatal Error] :1:1: Premature end of file.
2026-08-13 10:42:01,478 [ERROR] LogOutputStream:75 - [STDERR_REDIRECT] 
2026-08-13 10:42:02,477 [ERROR] LogOutputStream:75 - [STDERR_REDIRECT] [Fatal Error] :1:1: Premature end of file.
2026-08-13 10:42:02,477 [ERROR] LogOutputStream:75 - [STDERR_REDIRECT] 
2026-08-13 10:42:03,479 [ERROR] LogOutputStream:75 - [STDERR_REDIRECT] [Fatal Error] :1:1: Premature end of file.
2026-08-13 10:42:03,480 [ERROR] LogOutputStream:75 - [STDERR_REDIRECT] 
2026-08-13 10:42:04,480 [ERROR] LogOutputStream:75 - [STDERR_REDIRECT] [Fatal Error] :1:1: Premature end of file.
2026-08-13 10:42:04,480 [ERROR] LogOutputStream:75 - [STDERR_REDIRECT] 
2026-08-13 10:42:05,478 [ERROR] LogOutputStream:75 - [STDERR_REDIRECT] [Fatal Error] :1:1: Premature end of file.
2026-08-13 10:42:05,478 [ERROR] LogOutputStream:75 - [STDERR_REDIRECT] 
2026-08-13 10:42:06,479 [ERROR] LogOutputStream:75 - [STDERR_REDIRECT] [Fatal Error] :1:1: Premature end of file.
2026-08-13 10:42:06,479 [ERROR] LogOutputStream:75 - [STDERR_REDIRECT] 
2026-08-13 10:42:07,476 [ERROR] LogOutputStream:75 - [STDERR_REDIRECT] [Fatal Error] :1:1: Premature end of file.
2026-08-13 10:42:07,476 [ERROR] LogOutputStream:75 - [STDERR_REDIRECT] 
2026-08-13 10:42:08,475 [ERROR] LogOutputStream:75 - [STDERR_REDIRECT] [Fatal Error] :1:1: Premature end of file.
2026-08-13 10:42:08,475 [ERROR] LogOutputStream:75 - [STDERR_REDIRECT] 
2026-08-13 10:42:09,477 [ERROR] LogOutputStream:75 - [STDERR_REDIRECT] [Fatal Error] :1:1: Premature end of file.
2026-08-13 10:42:09,477 [ERROR] LogOutputStream:75 - [STDERR_REDIRECT] 
2026-08-13 10:42:10,476 [ERROR] LogOutputStream:75 - [STDERR_REDIRECT] [Fatal Error] :1:1: Premature end of file.
2026-08-13 10:42:10,476 [ERROR] LogOutputStream:75 - [STDERR_REDIRECT] 
2026-08-13 10:42:11,476 [ERROR] LogOutputStream:75 - [STDERR_REDIRECT] [Fatal Error] :1:1: Premature end of file.
2026-08-13 10:42:11,476 [ERROR] LogOutputStream:75 - [STDERR_REDIRECT] 
2026-08-13 10:42:12,478 [ERROR] LogOutputStream:75 - [STDERR_REDIRECT] [Fatal Error] :1:1: Premature end of file.
2026-08-13 10:42:12,478 [ERROR] LogOutputStream:75 - [STDERR_REDIRECT] 
2026-08-13 10:42:13,479 [ERROR] LogOutputStream:75 - [STDERR_REDIRECT] [Fatal Error] :1:1: Premature end of file.
2026-08-13 10:42:13,479 [ERROR] LogOutputStream:75 - [STDERR_REDIRECT] 
2026-08-13 10:42:14,475 [ERROR] LogOutputStream:75 - [STDERR_REDIRECT] [Fatal Error] :1:1: Premature end of file.
2026-08-13 10:42:14,475 [ERROR] LogOutputStream:75 - [STDERR_REDIRECT] 
2026-08-13 10:42:15,477 [ERROR] LogOutputStream:75 - [STDERR_REDIRECT] [Fatal Error] :1:1: Premature end of file.
2026-08-13 10:42:15,478 [ERROR] LogOutputStream:75 - [STDERR_REDIRECT] 
2026-08-13 10:42:16,476 [ERROR] LogOutputStream:75 - [STDERR_REDIRECT] [Fatal Error] :1:1: Premature end of file.
2026-08-13 10:42:16,476 [ERROR] LogOutputStream:75 - [STDERR_REDIRECT] 
2026-08-13 10:42:17,476 [ERROR] LogOutputStream:75 - [STDERR_REDIRECT] [Fatal Error] :1:1: Premature end of file.
2026-08-13 10:42:17,477 [ERROR] LogOutputStream:75 - [STDERR_REDIRECT] 
2026-08-13 10:42:18,477 [ERROR] LogOutputStream:75 - [STDERR_REDIRECT] [Fatal Error] :1:1: Premature end of file.
2026-08-13 10:42:18,477 [ERROR] LogOutputStream:75 - [STDERR_REDIRECT] 
2026-08-13 10:42:19,481 [ERROR] LogOutputStream:75 - [STDERR_REDIRECT] [Fatal Error] :1:1: Premature end of file.
2026-08-13 10:42:19,482 [ERROR] LogOutputStream:75 - [STDERR_REDIRECT] 
2026-08-13 10:42:20,483 [ERROR] LogOutputStream:75 - [STDERR_REDIRECT] [Fatal Error] :1:1: Premature end of file.
2026-08-13 10:42:20,484 [ERROR] LogOutputStream:75 - [STDERR_REDIRECT] 
2026-08-13 10:42:21,476 [ERROR] LogOutputStream:75 - [STDERR_REDIRECT] [Fatal Error] :1:1: Premature end of file.
2026-08-13 10:42:21,477 [ERROR] LogOutputStream:75 - [STDERR_REDIRECT] 
2026-08-13 10:42:22,481 [ERROR] LogOutputStream:75 - [STDERR_REDIRECT] [Fatal Error] :1:1: Premature end of file.
2026-08-13 10:42:22,481 [ERROR] LogOutputStream:75 - [STDERR_REDIRECT] 
2026-08-13 10:42:23,483 [ERROR] LogOutputStream:75 - [STDERR_REDIRECT] [Fatal Error] :1:1: Premature end of file.
2026-08-13 10:42:23,484 [ERROR] LogOutputStream:75 - [STDERR_REDIRECT] 
2026-08-13 10:42:24,479 [ERROR] LogOutputStream:75 - [STDERR_REDIRECT] [Fatal Error] :1:1: Premature end of file.
2026-08-13 10:42:24,479 [ERROR] LogOutputStream:75 - [STDERR_REDIRECT] 
2026-08-13 10:42:25,490 [ERROR] LogOutputStream:75 - [STDERR_REDIRECT] [Fatal Error] :1:1: Premature end of file.
2026-08-13 10:42:25,490 [ERROR] LogOutputStream:75 - [STDERR_REDIRECT] 
2026-08-13 10:42:26,487 [ERROR] LogOutputStream:75 - [STDERR_REDIRECT] [Fatal Error] :1:1: Premature end of file.
2026-08-13 10:42:26,487 [ERROR] LogOutputStream:75 - [STDERR_REDIRECT] 
2026-08-13 10:42:27,489 [ERROR] LogOutputStream:75 - [STDERR_REDIRECT] [Fatal Error] :1:1: Premature end of file.
2026-08-13 10:42:27,489 [ERROR] LogOutputStream:75 - [STDERR_REDIRECT] 
2026-08-13 10:42:28,491 [ERROR] LogOutputStream:75 - [STDERR_REDIRECT] [Fatal Error] :1:1: Premature end of file.
2026-08-13 10:42:28,491 [ERROR] LogOutputStream:75 - [STDERR_REDIRECT] 
2026-08-13 10:42:29,488 [ERROR] LogOutputStream:75 - [STDERR_REDIRECT] [Fatal Error] :1:1: Premature end of file.
2026-08-13 10:42:29,488 [ERROR] LogOutputStream:75 - [STDERR_REDIRECT] 
2026-08-13 10:42:30,484 [ERROR] LogOutputStream:75 - [STDERR_REDIRECT] [Fatal Error] :1:1: Premature end of file.
2026-08-13 10:42:30,485 [ERROR] LogOutputStream:75 - [STDERR_REDIRECT] 
2026-08-13 10:42:31,481 [ERROR] LogOutputStream:75 - [STDERR_REDIRECT] [Fatal Error] :1:1: Premature end of file.
2026-08-13 10:42:31,482 [ERROR] LogOutputStream:75 - [STDERR_REDIRECT] 
2026-08-13 10:42:32,483 [ERROR] LogOutputStream:75 - [STDERR_REDIRECT] [Fatal Error] :1:1: Premature end of file.
2026-08-13 10:42:32,484 [ERROR] LogOutputStream:75 - [STDERR_REDIRECT] 
2026-08-13 10:42:33,480 [ERROR] LogOutputStream:75 - [STDERR_REDIRECT] [Fatal Error] :1:1: Premature end of file.
2026-08-13 10:42:33,481 [ERROR] LogOutputStream:75 - [STDERR_REDIRECT] 
2026-08-13 10:42:34,483 [ERROR] LogOutputStream:75 - [STDERR_REDIRECT] [Fatal Error] :1:1: Premature end of file.
2026-08-13 10:42:34,483 [ERROR] LogOutputStream:75 - [STDERR_REDIRECT] 
2026-08-13 10:42:35,480 [ERROR] LogOutputStream:75 - [STDERR_REDIRECT] [Fatal Error] :1:1: Premature end of file.
2026-08-13 10:42:35,480 [ERROR] LogOutputStream:75 - [STDERR_REDIRECT] 
2026-08-13 10:42:36,486 [ERROR] LogOutputStream:75 - [STDERR_REDIRECT] [Fatal Error] :1:1: Premature end of file.
2026-08-13 10:42:36,486 [ERROR] LogOutputStream:75 - [STDERR_REDIRECT] 
2026-08-13 10:42:37,489 [ERROR] LogOutputStream:75 - [STDERR_REDIRECT] [Fatal Error] :1:1: Premature end of file.
2026-08-13 10:42:37,490 [ERROR] LogOutputStream:75 - [STDERR_REDIRECT] 
2026-08-13 10:42:38,491 [ERROR] LogOutputStream:75 - [STDERR_REDIRECT] [Fatal Error] :1:1: Premature end of file.
2026-08-13 10:42:38,492 [ERROR] LogOutputStream:75 - [STDERR_REDIRECT] 
2026-08-13 10:42:39,490 [ERROR] LogOutputStream:75 - [STDERR_REDIRECT] [Fatal Error] :1:1: Premature end of file.
2026-08-13 10:42:39,490 [ERROR] LogOutputStream:75 - [STDERR_REDIRECT] 
2026-08-13 10:42:40,486 [ERROR] LogOutputStream:75 - [STDERR_REDIRECT] [Fatal Error] :1:1: Premature end of file.
2026-08-13 10:42:40,486 [ERROR] LogOutputStream:75 - [STDERR_REDIRECT] 
2026-08-13 10:42:41,490 [ERROR] LogOutputStream:75 - [STDERR_REDIRECT] [Fatal Error] :1:1: Premature end of file.
2026-08-13 10:42:41,491 [ERROR] LogOutputStream:75 - [STDERR_REDIRECT] 
2026-08-13 10:42:42,490 [ERROR] LogOutputStream:75 - [STDERR_REDIRECT] [Fatal Error] :1:1: Premature end of file.
2026-08-13 10:42:42,490 [ERROR] LogOutputStream:75 - [STDERR_REDIRECT] 
2026-08-13 10:42:43,485 [ERROR] LogOutputStream:75 - [STDERR_REDIRECT] [Fatal Error] :1:1: Premature end of file.
2026-08-13 10:42:43,485 [ERROR] LogOutputStream:75 - [STDERR_REDIRECT] 
2026-08-13 10:42:44,484 [ERROR] LogOutputStream:75 - [STDERR_REDIRECT] [Fatal Error] :1:1: Premature end of file.
2026-08-13 10:42:44,485 [ERROR] LogOutputStream:75 - [STDERR_REDIRECT] 
2026-08-13 10:42:45,489 [ERROR] LogOutputStream:75 - [STDERR_REDIRECT] [Fatal Error] :1:1: Premature end of file.
2026-08-13 10:42:45,489 [ERROR] LogOutputStream:75 - [STDERR_REDIRECT] 
2026-08-13 10:42:46,485 [ERROR] LogOutputStream:75 - [STDERR_REDIRECT] [Fatal Error] :1:1: Premature end of file.
2026-08-13 10:42:46,485 [ERROR] LogOutputStream:75 - [STDERR_REDIRECT] 
2026-08-13 10:42:47,477 [ERROR] LogOutputStream:75 - [STDERR_REDIRECT] [Fatal Error] :1:1: Premature end of file.
2026-08-13 10:42:47,477 [ERROR] LogOutputStream:75 - [STDERR_REDIRECT] 
2026-08-13 10:42:48,477 [ERROR] LogOutputStream:75 - [STDERR_REDIRECT] [Fatal Error] :1:1: Premature end of file.
2026-08-13 10:42:48,477 [ERROR] LogOutputStream:75 - [STDERR_REDIRECT] 
2026-08-13 10:42:49,488 [ERROR] LogOutputStream:75 - [STDERR_REDIRECT] [Fatal Error] :1:1: Premature end of file.
2026-08-13 10:42:49,488 [ERROR] LogOutputStream:75 - [STDERR_REDIRECT] 
2026-08-13 10:42:50,490 [ERROR] LogOutputStream:75 - [STDERR_REDIRECT] [Fatal Error] :1:1: Premature end of file.
2026-08-13 10:42:50,491 [ERROR] LogOutputStream:75 - [STDERR_REDIRECT] 
2026-08-13 10:42:51,492 [ERROR] LogOutputStream:75 - [STDERR_REDIRECT] [Fatal Error] :1:1: Premature end of file.
2026-08-13 10:42:51,493 [ERROR] LogOutputStream:75 - [STDERR_REDIRECT] 
2026-08-13 10:42:52,481 [ERROR] LogOutputStream:75 - [STDERR_REDIRECT] [Fatal Error] :1:1: Premature end of file.
2026-08-13 10:42:52,481 [ERROR] LogOutputStream:75 - [STDERR_REDIRECT] 
2026-08-13 10:42:53,479 [ERROR] LogOutputStream:75 - [STDERR_REDIRECT] [Fatal Error] :1:1: Premature end of file.
2026-08-13 10:42:53,479 [ERROR] LogOutputStream:75 - [STDERR_REDIRECT] 
2026-08-13 10:42:54,476 [ERROR] LogOutputStream:75 - [STDERR_REDIRECT] [Fatal Error] :1:1: Premature end of file.
2026-08-13 10:42:54,477 [ERROR] LogOutputStream:75 - [STDERR_REDIRECT] 
2026-08-13 10:42:55,487 [ERROR] LogOutputStream:75 - [STDERR_REDIRECT] [Fatal Error] :1:1: Premature end of file.
2026-08-13 10:42:55,487 [ERROR] LogOutputStream:75 - [STDERR_REDIRECT] 
2026-08-13 10:42:56,480 [ERROR] LogOutputStream:75 - [STDERR_REDIRECT] [Fatal Error] :1:1: Premature end of file.
2026-08-13 10:42:56,481 [ERROR] LogOutputStream:75 - [STDERR_REDIRECT] 
2026-08-13 10:42:57,478 [ERROR] LogOutputStream:75 - [STDERR_REDIRECT] [Fatal Error] :1:1: Premature end of file.
2026-08-13 10:42:57,478 [ERROR] LogOutputStream:75 - [STDERR_REDIRECT] 
2026-08-13 10:42:58,494 [ERROR] LogOutputStream:75 - [STDERR_REDIRECT] [Fatal Error] :1:1: Premature end of file.
2026-08-13 10:42:58,495 [ERROR] LogOutputStream:75 - [STDERR_REDIRECT] 
2026-08-13 10:42:59,492 [ERROR] LogOutputStream:75 - [STDERR_REDIRECT] [Fatal Error] :1:1: Premature end of file.
2026-08-13 10:42:59,492 [ERROR] LogOutputStream:75 - [STDERR_REDIRECT] 
2026-08-13 10:43:00,485 [ERROR] LogOutputStream:75 - [STDERR_REDIRECT] [Fatal Error] :1:1: Premature end of file.
2026-08-13 10:43:00,485 [ERROR] LogOutputStream:75 - [STDERR_REDIRECT] 
2026-08-13 10:43:01,497 [ERROR] LogOutputStream:75 - [STDERR_REDIRECT] [Fatal Error] :1:1: Premature end of file.
2026-08-13 10:43:01,497 [ERROR] LogOutputStream:75 - [STDERR_REDIRECT] 
2026-08-13 10:43:02,493 [ERROR] LogOutputStream:75 - [STDERR_REDIRECT] [Fatal Error] :1:1: Premature end of file.
2026-08-13 10:43:02,493 [ERROR] LogOutputStream:75 - [STDERR_REDIRECT] 
2026-08-13 10:43:03,489 [ERROR] LogOutputStream:75 - [STDERR_REDIRECT] [Fatal Error] :1:1: Premature end of file.
2026-08-13 10:43:03,489 [ERROR] LogOutputStream:75 - [STDERR_REDIRECT] 
2026-08-13 10:43:04,482 [ERROR] LogOutputStream:75 - [STDERR_REDIRECT] [Fatal Error] :1:1: Premature end of file.
2026-08-13 10:43:04,483 [ERROR] LogOutputStream:75 - [STDERR_REDIRECT] 
2026-08-13 10:43:05,493 [ERROR] LogOutputStream:75 - [STDERR_REDIRECT] [Fatal Error] :1:1: Premature end of file.
2026-08-13 10:43:05,493 [ERROR] LogOutputStream:75 - [STDERR_REDIRECT] 
2026-08-13 10:43:06,496 [ERROR] LogOutputStream:75 - [STDERR_REDIRECT] [Fatal Error] :1:1: Premature end of file.
2026-08-13 10:43:06,496 [ERROR] LogOutputStream:75 - [STDERR_REDIRECT] 
2026-08-13 10:43:07,493 [ERROR] LogOutputStream:75 - [STDERR_REDIRECT] [Fatal Error] :1:1: Premature end of file.
2026-08-13 10:43:07,493 [ERROR] LogOutputStream:75 - [STDERR_REDIRECT] 
2026-08-13 10:43:08,482 [ERROR] LogOutputStream:75 - [STDERR_REDIRECT] [Fatal Error] :1:1: Premature end of file.
2026-08-13 10:43:08,482 [ERROR] LogOutputStream:75 - [STDERR_REDIRECT] 
2026-08-13 10:43:09,487 [ERROR] LogOutputStream:75 - [STDERR_REDIRECT] [Fatal Error] :1:1: Premature end of file.
2026-08-13 10:43:09,487 [ERROR] LogOutputStream:75 - [STDERR_REDIRECT] 
2026-08-13 10:43:10,557 [ERROR] LogOutputStream:75 - [STDERR_REDIRECT] [Fatal Error] :1:1: Premature end of file.
2026-08-13 10:43:10,557 [ERROR] LogOutputStream:75 - [STDERR_REDIRECT] 
2026-08-13 10:43:11,490 [ERROR] LogOutputStream:75 - [STDERR_REDIRECT] [Fatal Error] :1:1: Premature end of file.
2026-08-13 10:43:11,490 [ERROR] LogOutputStream:75 - [STDERR_REDIRECT] 
2026-08-13 10:43:12,483 [ERROR] LogOutputStream:75 - [STDERR_REDIRECT] [Fatal Error] :1:1: Premature end of file.
2026-08-13 10:43:12,484 [ERROR] LogOutputStream:75 - [STDERR_REDIRECT] 
2026-08-13 10:43:13,480 [ERROR] LogOutputStream:75 - [STDERR_REDIRECT] [Fatal Error] :1:1: Premature end of file.
2026-08-13 10:43:13,480 [ERROR] LogOutputStream:75 - [STDERR_REDIRECT] 
2026-08-13 10:43:14,494 [ERROR] LogOutputStream:75 - [STDERR_REDIRECT] [Fatal Error] :1:1: Premature end of file.
2026-08-13 10:43:14,494 [ERROR] LogOutputStream:75 - [STDERR_REDIRECT] 
2026-08-13 10:43:15,491 [ERROR] LogOutputStream:75 - [STDERR_REDIRECT] [Fatal Error] :1:1: Premature end of file.
2026-08-13 10:43:15,491 [ERROR] LogOutputStream:75 - [STDERR_REDIRECT] 
2026-08-13 10:43:16,484 [ERROR] LogOutputStream:75 - [STDERR_REDIRECT] [Fatal Error] :1:1: Premature end of file.
2026-08-13 10:43:16,484 [ERROR] LogOutputStream:75 - [STDERR_REDIRECT] 
2026-08-13 10:43:17,479 [ERROR] LogOutputStream:75 - [STDERR_REDIRECT] [Fatal Error] :1:1: Premature end of file.
2026-08-13 10:43:17,479 [ERROR] LogOutputStream:75 - [STDERR_REDIRECT] 
2026-08-13 10:43:18,488 [ERROR] LogOutputStream:75 - [STDERR_REDIRECT] [Fatal Error] :1:1: Premature end of file.
2026-08-13 10:43:18,488 [ERROR] LogOutputStream:75 - [STDERR_REDIRECT] 
2026-08-13 10:43:19,488 [ERROR] LogOutputStream:75 - [STDERR_REDIRECT] [Fatal Error] :1:1: Premature end of file.
2026-08-13 10:43:19,489 [ERROR] LogOutputStream:75 - [STDERR_REDIRECT] 
2026-08-13 10:43:20,482 [ERROR] LogOutputStream:75 - [STDERR_REDIRECT] [Fatal Error] :1:1: Premature end of file.
2026-08-13 10:43:20,482 [ERROR] LogOutputStream:75 - [STDERR_REDIRECT] 
2026-08-13 10:43:21,481 [ERROR] LogOutputStream:75 - [STDERR_REDIRECT] [Fatal Error] :1:1: Premature end of file.
2026-08-13 10:43:21,481 [ERROR] LogOutputStream:75 - [STDERR_REDIRECT] 
2026-08-13 10:43:22,483 [ERROR] LogOutputStream:75 - [STDERR_REDIRECT] [Fatal Error] :1:1: Premature end of file.
2026-08-13 10:43:22,483 [ERROR] LogOutputStream:75 - [STDERR_REDIRECT] 
2026-08-13 10:43:23,478 [ERROR] LogOutputStream:75 - [STDERR_REDIRECT] [Fatal Error] :1:1: Premature end of file.
2026-08-13 10:43:23,478 [ERROR] LogOutputStream:75 - [STDERR_REDIRECT] 
2026-08-13 10:43:24,492 [ERROR] LogOutputStream:75 - [STDERR_REDIRECT] [Fatal Error] :1:1: Premature end of file.
2026-08-13 10:43:24,493 [ERROR] LogOutputStream:75 - [STDERR_REDIRECT] 
2026-08-13 10:43:25,493 [ERROR] LogOutputStream:75 - [STDERR_REDIRECT] [Fatal Error] :1:1: Premature end of file.
2026-08-13 10:43:25,494 [ERROR] LogOutputStream:75 - [STDERR_REDIRECT] 
2026-08-13 10:43:26,488 [ERROR] LogOutputStream:75 - [STDERR_REDIRECT] [Fatal Error] :1:1: Premature end of file.
2026-08-13 10:43:26,489 [ERROR] LogOutputStream:75 - [STDERR_REDIRECT] 
2026-08-13 10:43:27,481 [ERROR] LogOutputStream:75 - [STDERR_REDIRECT] [Fatal Error] :1:1: Premature end of file.
2026-08-13 10:43:27,481 [ERROR] LogOutputStream:75 - [STDERR_REDIRECT] 
2026-08-13 10:43:28,480 [ERROR] LogOutputStream:75 - [STDERR_REDIRECT] [Fatal Error] :1:1: Premature end of file.
2026-08-13 10:43:28,480 [ERROR] LogOutputStream:75 - [STDERR_REDIRECT] 
2026-08-13 10:43:29,488 [ERROR] LogOutputStream:75 - [STDERR_REDIRECT] [Fatal Error] :1:1: Premature end of file.
2026-08-13 10:43:29,488 [ERROR] LogOutputStream:75 - [STDERR_REDIRECT] 
2026-08-13 10:43:30,493 [ERROR] LogOutputStream:75 - [STDERR_REDIRECT] [Fatal Error] :1:1: Premature end of file.
2026-08-13 10:43:30,493 [ERROR] LogOutputStream:75 - [STDERR_REDIRECT] 
2026-08-13 10:43:31,497 [ERROR] LogOutputStream:75 - [STDERR_REDIRECT] [Fatal Error] :1:1: Premature end of file.
2026-08-13 10:43:31,497 [ERROR] LogOutputStream:75 - [STDERR_REDIRECT] 
2026-08-13 10:43:32,492 [ERROR] LogOutputStream:75 - [STDERR_REDIRECT] [Fatal Error] :1:1: Premature end of file.
2026-08-13 10:43:32,493 [ERROR] LogOutputStream:75 - [STDERR_REDIRECT] 
2026-08-13 10:43:33,494 [ERROR] LogOutputStream:75 - [STDERR_REDIRECT] [Fatal Error] :1:1: Premature end of file.
2026-08-13 10:43:33,494 [ERROR] LogOutputStream:75 - [STDERR_REDIRECT] 
2026-08-13 10:43:34,479 [ERROR] LogOutputStream:75 - [STDERR_REDIRECT] [Fatal Error] :1:1: Premature end of file.
2026-08-13 10:43:34,479 [ERROR] LogOutputStream:75 - [STDERR_REDIRECT] 
2026-08-13 10:43:35,488 [ERROR] LogOutputStream:75 - [STDERR_REDIRECT] [Fatal Error] :1:1: Premature end of file.
2026-08-13 10:43:35,488 [ERROR] LogOutputStream:75 - [STDERR_REDIRECT] 
2026-08-13 10:43:36,535 [ERROR] LogOutputStream:75 - [STDERR_REDIRECT] [Fatal Error] :1:1: Premature end of file.
2026-08-13 10:43:36,535 [ERROR] LogOutputStream:75 - [STDERR_REDIRECT] 
2026-08-13 10:43:37,478 [ERROR] LogOutputStream:75 - [STDERR_REDIRECT] [Fatal Error] :1:1: Premature end of file.
2026-08-13 10:43:37,478 [ERROR] LogOutputStream:75 - [STDERR_REDIRECT] 
2026-08-13 10:43:38,476 [ERROR] LogOutputStream:75 - [STDERR_REDIRECT] [Fatal Error] :1:1: Premature end of file.
2026-08-13 10:43:38,476 [ERROR] LogOutputStream:75 - [STDERR_REDIRECT] 
2026-08-13 10:43:39,487 [ERROR] LogOutputStream:75 - [STDERR_REDIRECT] [Fatal Error] :1:1: Premature end of file.
2026-08-13 10:43:39,487 [ERROR] LogOutputStream:75 - [STDERR_REDIRECT] 
2026-08-13 10:43:40,475 [ERROR] LogOutputStream:75 - [STDERR_REDIRECT] [Fatal Error] :1:1: Premature end of file.
2026-08-13 10:43:40,476 [ERROR] LogOutputStream:75 - [STDERR_REDIRECT] 
2026-08-13 10:43:41,479 [ERROR] LogOutputStream:75 - [STDERR_REDIRECT] [Fatal Error] :1:1: Premature end of file.
2026-08-13 10:43:41,480 [ERROR] LogOutputStream:75 - [STDERR_REDIRECT] 
2026-08-13 10:43:42,483 [ERROR] LogOutputStream:75 - [STDERR_REDIRECT] [Fatal Error] :1:1: Premature end of file.
2026-08-13 10:43:42,484 [ERROR] LogOutputStream:75 - [STDERR_REDIRECT] 
2026-08-13 10:43:43,484 [ERROR] LogOutputStream:75 - [STDERR_REDIRECT] [Fatal Error] :1:1: Premature end of file.
2026-08-13 10:43:43,484 [ERROR] LogOutputStream:75 - [STDERR_REDIRECT] 
2026-08-13 10:43:44,483 [ERROR] LogOutputStream:75 - [STDERR_REDIRECT] [Fatal Error] :1:1: Premature end of file.
2026-08-13 10:43:44,483 [ERROR] LogOutputStream:75 - [STDERR_REDIRECT] 
2026-08-13 10:43:45,480 [ERROR] LogOutputStream:75 - [STDERR_REDIRECT] [Fatal Error] :1:1: Premature end of file.
2026-08-13 10:43:45,480 [ERROR] LogOutputStream:75 - [STDERR_REDIRECT] 
2026-08-13 10:43:46,478 [ERROR] LogOutputStream:75 - [STDERR_REDIRECT] [Fatal Error] :1:1: Premature end of file.
2026-08-13 10:43:46,478 [ERROR] LogOutputStream:75 - [STDERR_REDIRECT] 
2026-08-13 10:43:47,475 [ERROR] LogOutputStream:75 - [STDERR_REDIRECT] [Fatal Error] :1:1: Premature end of file.
2026-08-13 10:43:47,475 [ERROR] LogOutputStream:75 - [STDERR_REDIRECT] 
2026-08-13 10:43:48,489 [ERROR] LogOutputStream:75 - [STDERR_REDIRECT] [Fatal Error] :1:1: Premature end of file.
2026-08-13 10:43:48,489 [ERROR] LogOutputStream:75 - [STDERR_REDIRECT] 
2026-08-13 10:43:49,489 [ERROR] LogOutputStream:75 - [STDERR_REDIRECT] [Fatal Error] :1:1: Premature end of file.
2026-08-13 10:43:49,489 [ERROR] LogOutputStream:75 - [STDERR_REDIRECT] 
2026-08-13 10:43:50,488 [ERROR] LogOutputStream:75 - [STDERR_REDIRECT] [Fatal Error] :1:1: Premature end of file.
2026-08-13 10:43:50,488 [ERROR] LogOutputStream:75 - [STDERR_REDIRECT] 
2026-08-13 10:43:51,483 [ERROR] LogOutputStream:75 - [STDERR_REDIRECT] [Fatal Error] :1:1: Premature end of file.
2026-08-13 10:43:51,483 [ERROR] LogOutputStream:75 - [STDERR_REDIRECT] 
2026-08-13 10:43:52,485 [ERROR] LogOutputStream:75 - [STDERR_REDIRECT] [Fatal Error] :1:1: Premature end of file.
2026-08-13 10:43:52,485 [ERROR] LogOutputStream:75 - [STDERR_REDIRECT] 
2026-08-13 10:43:53,480 [ERROR] LogOutputStream:75 - [STDERR_REDIRECT] [Fatal Error] :1:1: Premature end of file.
2026-08-13 10:43:53,480 [ERROR] LogOutputStream:75 - [STDERR_REDIRECT] 
2026-08-13 10:43:54,481 [ERROR] LogOutputStream:75 - [STDERR_REDIRECT] [Fatal Error] :1:1: Premature end of file.
2026-08-13 10:43:54,481 [ERROR] LogOutputStream:75 - [STDERR_REDIRECT] 
2026-08-13 10:43:55,492 [ERROR] LogOutputStream:75 - [STDERR_REDIRECT] [Fatal Error] :1:1: Premature end of file.
2026-08-13 10:43:55,492 [ERROR] LogOutputStream:75 - [STDERR_REDIRECT] 
2026-08-13 10:43:56,489 [ERROR] LogOutputStream:75 - [STDERR_REDIRECT] [Fatal Error] :1:1: Premature end of file.
2026-08-13 10:43:56,490 [ERROR] LogOutputStream:75 - [STDERR_REDIRECT] 
2026-08-13 10:43:57,482 [ERROR] LogOutputStream:75 - [STDERR_REDIRECT] [Fatal Error] :1:1: Premature end of file.
2026-08-13 10:43:57,482 [ERROR] LogOutputStream:75 - [STDERR_REDIRECT] 
2026-08-13 10:43:58,488 [ERROR] LogOutputStream:75 - [STDERR_REDIRECT] [Fatal Error] :1:1: Premature end of file.
2026-08-13 10:43:58,488 [ERROR] LogOutputStream:75 - [STDERR_REDIRECT] 
2026-08-13 10:43:59,483 [ERROR] LogOutputStream:75 - [STDERR_REDIRECT] [Fatal Error] :1:1: Premature end of file.
2026-08-13 10:43:59,484 [ERROR] LogOutputStream:75 - [STDERR_REDIRECT] 
2026-08-13 10:44:00,487 [ERROR] LogOutputStream:75 - [STDERR_REDIRECT] [Fatal Error] :1:1: Premature end of file.
2026-08-13 10:44:00,487 [ERROR] LogOutputStream:75 - [STDERR_REDIRECT] 
2026-08-13 10:44:01,486 [ERROR] LogOutputStream:75 - [STDERR_REDIRECT] [Fatal Error] :1:1: Premature end of file.
2026-08-13 10:44:01,486 [ERROR] LogOutputStream:75 - [STDERR_REDIRECT] 
2026-08-13 10:44:02,480 [ERROR] LogOutputStream:75 - [STDERR_REDIRECT] [Fatal Error] :1:1: Premature end of file.
2026-08-13 10:44:02,480 [ERROR] LogOutputStream:75 - [STDERR_REDIRECT] 
2026-08-13 10:44:03,493 [ERROR] LogOutputStream:75 - [STDERR_REDIRECT] [Fatal Error] :1:1: Premature end of file.
2026-08-13 10:44:03,493 [ERROR] LogOutputStream:75 - [STDERR_REDIRECT] 
2026-08-13 10:44:04,494 [ERROR] LogOutputStream:75 - [STDERR_REDIRECT] [Fatal Error] :1:1: Premature end of file.
2026-08-13 10:44:04,494 [ERROR] LogOutputStream:75 - [STDERR_REDIRECT] 
2026-08-13 10:44:05,487 [ERROR] LogOutputStream:75 - [STDERR_REDIRECT] [Fatal Error] :1:1: Premature end of file.
2026-08-13 10:44:05,487 [ERROR] LogOutputStream:75 - [STDERR_REDIRECT] 
2026-08-13 10:44:06,488 [ERROR] LogOutputStream:75 - [STDERR_REDIRECT] [Fatal Error] :1:1: Premature end of file.
2026-08-13 10:44:06,488 [ERROR] LogOutputStream:75 - [STDERR_REDIRECT] 
2026-08-13 10:44:07,476 [ERROR] LogOutputStream:75 - [STDERR_REDIRECT] [Fatal Error] :1:1: Premature end of file.
2026-08-13 10:44:07,476 [ERROR] LogOutputStream:75 - [STDERR_REDIRECT] 
2026-08-13 10:44:08,476 [ERROR] LogOutputStream:75 - [STDERR_REDIRECT] [Fatal Error] :1:1: Premature end of file.
2026-08-13 10:44:08,477 [ERROR] LogOutputStream:75 - [STDERR_REDIRECT] 
2026-08-13 10:44:09,476 [ERROR] LogOutputStream:75 - [STDERR_REDIRECT] [Fatal Error] :1:1: Premature end of file.
2026-08-13 10:44:09,476 [ERROR] LogOutputStream:75 - [STDERR_REDIRECT] 
2026-08-13 10:44:10,519 [ERROR] LogOutputStream:75 - [STDERR_REDIRECT] [Fatal Error] :1:1: Premature end of file.
2026-08-13 10:44:10,519 [ERROR] LogOutputStream:75 - [STDERR_REDIRECT] 
2026-08-13 10:44:11,475 [ERROR] LogOutputStream:75 - [STDERR_REDIRECT] [Fatal Error] :1:1: Premature end of file.
2026-08-13 10:44:11,475 [ERROR] LogOutputStream:75 - [STDERR_REDIRECT] 
2026-08-13 10:44:12,477 [ERROR] LogOutputStream:75 - [STDERR_REDIRECT] [Fatal Error] :1:1: Premature end of file.
2026-08-13 10:44:12,477 [ERROR] LogOutputStream:75 - [STDERR_REDIRECT] 
2026-08-13 10:44:13,477 [ERROR] LogOutputStream:75 - [STDERR_REDIRECT] [Fatal Error] :1:1: Premature end of file.
2026-08-13 10:44:13,477 [ERROR] LogOutputStream:75 - [STDERR_REDIRECT] 
2026-08-13 10:44:14,476 [ERROR] LogOutputStream:75 - [STDERR_REDIRECT] [Fatal Error] :1:1: Premature end of file.
2026-08-13 10:44:14,476 [ERROR] LogOutputStream:75 - [STDERR_REDIRECT] 
2026-08-13 10:44:15,536 [ERROR] LogOutputStream:75 - [STDERR_REDIRECT] [Fatal Error] :1:1: Premature end of file.
2026-08-13 10:44:15,536 [ERROR] LogOutputStream:75 - [STDERR_REDIRECT] 
2026-08-13 10:44:16,488 [ERROR] LogOutputStream:75 - [STDERR_REDIRECT] [Fatal Error] :1:1: Premature end of file.
2026-08-13 10:44:16,488 [ERROR] LogOutputStream:75 - [STDERR_REDIRECT] 
2026-08-13 10:44:17,477 [ERROR] LogOutputStream:75 - [STDERR_REDIRECT] [Fatal Error] :1:1: Premature end of file.
2026-08-13 10:44:17,478 [ERROR] LogOutputStream:75 - [STDERR_REDIRECT] 
2026-08-13 10:44:18,477 [ERROR] LogOutputStream:75 - [STDERR_REDIRECT] [Fatal Error] :1:1: Premature end of file.
2026-08-13 10:44:18,477 [ERROR] LogOutputStream:75 - [STDERR_REDIRECT] 
2026-08-13 10:44:19,476 [ERROR] LogOutputStream:75 - [STDERR_REDIRECT] [Fatal Error] :1:1: Premature end of file.
2026-08-13 10:44:19,476 [ERROR] LogOutputStream:75 - [STDERR_REDIRECT] 
2026-08-13 10:44:20,478 [ERROR] LogOutputStream:75 - [STDERR_REDIRECT] [Fatal Error] :1:1: Premature end of file.
2026-08-13 10:44:20,478 [ERROR] LogOutputStream:75 - [STDERR_REDIRECT] 
2026-08-13 10:44:21,476 [ERROR] LogOutputStream:75 - [STDERR_REDIRECT] [Fatal Error] :1:1: Premature end of file.
2026-08-13 10:44:21,477 [ERROR] LogOutputStream:75 - [STDERR_REDIRECT] 
2026-08-13 10:44:22,482 [ERROR] LogOutputStream:75 - [STDERR_REDIRECT] [Fatal Error] :1:1: Premature end of file.
2026-08-13 10:44:22,482 [ERROR] LogOutputStream:75 - [STDERR_REDIRECT] 
2026-08-13 10:44:23,487 [ERROR] LogOutputStream:75 - [STDERR_REDIRECT] [Fatal Error] :1:1: Premature end of file.
2026-08-13 10:44:23,487 [ERROR] LogOutputStream:75 - [STDERR_REDIRECT] 
2026-08-13 10:44:24,546 [ERROR] LogOutputStream:75 - [STDERR_REDIRECT] [Fatal Error] :1:1: Premature end of file.
2026-08-13 10:44:24,546 [ERROR] LogOutputStream:75 - [STDERR_REDIRECT] 
2026-08-13 10:44:25,594 [ERROR] LogOutputStream:75 - [STDERR_REDIRECT] [Fatal Error] :1:1: Premature end of file.
2026-08-13 10:44:25,594 [ERROR] LogOutputStream:75 - [STDERR_REDIRECT] 
2026-08-13 10:44:26,589 [ERROR] LogOutputStream:75 - [STDERR_REDIRECT] [Fatal Error] :1:1: Premature end of file.
2026-08-13 10:44:26,590 [ERROR] LogOutputStream:75 - [STDERR_REDIRECT] 
2026-08-13 10:44:27,543 [ERROR] LogOutputStream:75 - [STDERR_REDIRECT] [Fatal Error] :1:1: Premature end of file.
2026-08-13 10:44:27,543 [ERROR] LogOutputStream:75 - [STDERR_REDIRECT] 
2026-08-13 10:44:28,480 [ERROR] LogOutputStream:75 - [STDERR_REDIRECT] [Fatal Error] :1:1: Premature end of file.
2026-08-13 10:44:28,480 [ERROR] LogOutputStream:75 - [STDERR_REDIRECT] 
2026-08-13 10:44:29,475 [ERROR] LogOutputStream:75 - [STDERR_REDIRECT] [Fatal Error] :1:1: Premature end of file.
2026-08-13 10:44:29,475 [ERROR] LogOutputStream:75 - [STDERR_REDIRECT] 
2026-08-13 10:44:30,601 [ERROR] LogOutputStream:75 - [STDERR_REDIRECT] [Fatal Error] :1:1: Premature end of file.
2026-08-13 10:44:30,602 [ERROR] LogOutputStream:75 - [STDERR_REDIRECT] 
2026-08-13 10:44:31,477 [ERROR] LogOutputStream:75 - [STDERR_REDIRECT] [Fatal Error] :1:1: Premature end of file.
2026-08-13 10:44:31,477 [ERROR] LogOutputStream:75 - [STDERR_REDIRECT] 
2026-08-13 10:44:32,478 [ERROR] LogOutputStream:75 - [STDERR_REDIRECT] [Fatal Error] :1:1: Premature end of file.
2026-08-13 10:44:32,479 [ERROR] LogOutputStream:75 - [STDERR_REDIRECT] 
2026-08-13 10:44:33,479 [ERROR] LogOutputStream:75 - [STDERR_REDIRECT] [Fatal Error] :1:1: Premature end of file.
2026-08-13 10:44:33,479 [ERROR] LogOutputStream:75 - [STDERR_REDIRECT] 
2026-08-13 10:44:34,479 [ERROR] LogOutputStream:75 - [STDERR_REDIRECT] [Fatal Error] :1:1: Premature end of file.
2026-08-13 10:44:34,479 [ERROR] LogOutputStream:75 - [STDERR_REDIRECT] 
2026-08-13 10:44:35,482 [ERROR] LogOutputStream:75 - [STDERR_REDIRECT] [Fatal Error] :1:1: Premature end of file.
2026-08-13 10:44:35,482 [ERROR] LogOutputStream:75 - [STDERR_REDIRECT] 
2026-08-13 10:44:36,480 [ERROR] LogOutputStream:75 - [STDERR_REDIRECT] [Fatal Error] :1:1: Premature end of file.
2026-08-13 10:44:36,480 [ERROR] LogOutputStream:75 - [STDERR_REDIRECT] 
2026-08-13 10:44:37,480 [ERROR] LogOutputStream:75 - [STDERR_REDIRECT] [Fatal Error] :1:1: Premature end of file.
2026-08-13 10:44:37,480 [ERROR] LogOutputStream:75 - [STDERR_REDIRECT] 
2026-08-13 10:44:38,477 [ERROR] LogOutputStream:75 - [STDERR_REDIRECT] [Fatal Error] :1:1: Premature end of file.
2026-08-13 10:44:38,477 [ERROR] LogOutputStream:75 - [STDERR_REDIRECT] 
2026-08-13 10:44:39,474 [ERROR] LogOutputStream:75 - [STDERR_REDIRECT] [Fatal Error] :1:1: Premature end of file.
2026-08-13 10:44:39,475 [ERROR] LogOutputStream:75 - [STDERR_REDIRECT] 
2026-08-13 10:44:40,491 [ERROR] LogOutputStream:75 - [STDERR_REDIRECT] [Fatal Error] :1:1: Premature end of file.
2026-08-13 10:44:40,491 [ERROR] LogOutputStream:75 - [STDERR_REDIRECT] 
2026-08-13 10:44:41,490 [ERROR] LogOutputStream:75 - [STDERR_REDIRECT] [Fatal Error] :1:1: Premature end of file.
2026-08-13 10:44:41,490 [ERROR] LogOutputStream:75 - [STDERR_REDIRECT] 
2026-08-13 10:44:42,476 [ERROR] LogOutputStream:75 - [STDERR_REDIRECT] [Fatal Error] :1:1: Premature end of file.
2026-08-13 10:44:42,476 [ERROR] LogOutputStream:75 - [STDERR_REDIRECT] 
2026-08-13 10:44:43,481 [ERROR] LogOutputStream:75 - [STDERR_REDIRECT] [Fatal Error] :1:1: Premature end of file.
2026-08-13 10:44:43,481 [ERROR] LogOutputStream:75 - [STDERR_REDIRECT] 
2026-08-13 10:44:44,512 [ERROR] LogOutputStream:75 - [STDERR_REDIRECT] [Fatal Error] :1:1: Premature end of file.
2026-08-13 10:44:44,512 [ERROR] LogOutputStream:75 - [STDERR_REDIRECT] 
2026-08-13 10:44:45,477 [ERROR] LogOutputStream:75 - [STDERR_REDIRECT] [Fatal Error] :1:1: Premature end of file.
2026-08-13 10:44:45,477 [ERROR] LogOutputStream:75 - [STDERR_REDIRECT] 
2026-08-13 10:44:46,477 [ERROR] LogOutputStream:75 - [STDERR_REDIRECT] [Fatal Error] :1:1: Premature end of file.
2026-08-13 10:44:46,477 [ERROR] LogOutputStream:75 - [STDERR_REDIRECT] 
2026-08-13 10:44:47,477 [ERROR] LogOutputStream:75 - [STDERR_REDIRECT] [Fatal Error] :1:1: Premature end of file.
2026-08-13 10:44:47,477 [ERROR] LogOutputStream:75 - [STDERR_REDIRECT] 
2026-08-13 10:44:48,488 [ERROR] LogOutputStream:75 - [STDERR_REDIRECT] [Fatal Error] :1:1: Premature end of file.
2026-08-13 10:44:48,488 [ERROR] LogOutputStream:75 - [STDERR_REDIRECT] 
2026-08-13 10:44:49,476 [ERROR] LogOutputStream:75 - [STDERR_REDIRECT] [Fatal Error] :1:1: Premature end of file.
2026-08-13 10:44:49,476 [ERROR] LogOutputStream:75 - [STDERR_REDIRECT] 
2026-08-13 10:44:50,482 [ERROR] LogOutputStream:75 - [STDERR_REDIRECT] [Fatal Error] :1:1: Premature end of file.
2026-08-13 10:44:50,482 [ERROR] LogOutputStream:75 - [STDERR_REDIRECT] 
2026-08-13 10:44:51,480 [ERROR] LogOutputStream:75 - [STDERR_REDIRECT] [Fatal Error] :1:1: Premature end of file.
2026-08-13 10:44:51,480 [ERROR] LogOutputStream:75 - [STDERR_REDIRECT] 
2026-08-13 10:44:52,475 [ERROR] LogOutputStream:75 - [STDERR_REDIRECT] [Fatal Error] :1:1: Premature end of file.
2026-08-13 10:44:52,475 [ERROR] LogOutputStream:75 - [STDERR_REDIRECT] 
2026-08-13 10:44:53,490 [ERROR] LogOutputStream:75 - [STDERR_REDIRECT] [Fatal Error] :1:1: Premature end of file.
2026-08-13 10:44:53,491 [ERROR] LogOutputStream:75 - [STDERR_REDIRECT] 
2026-08-13 10:44:54,496 [ERROR] LogOutputStream:75 - [STDERR_REDIRECT] [Fatal Error] :1:1: Premature end of file.
2026-08-13 10:44:54,496 [ERROR] LogOutputStream:75 - [STDERR_REDIRECT] 
2026-08-13 10:44:55,478 [ERROR] LogOutputStream:75 - [STDERR_REDIRECT] [Fatal Error] :1:1: Premature end of file.
2026-08-13 10:44:55,478 [ERROR] LogOutputStream:75 - [STDERR_REDIRECT] 
2026-08-13 10:44:56,487 [ERROR] LogOutputStream:75 - [STDERR_REDIRECT] [Fatal Error] :1:1: Premature end of file.
2026-08-13 10:44:56,487 [ERROR] LogOutputStream:75 - [STDERR_REDIRECT] 
2026-08-13 10:44:57,478 [ERROR] LogOutputStream:75 - [STDERR_REDIRECT] [Fatal Error] :1:1: Premature end of file.
2026-08-13 10:44:57,478 [ERROR] LogOutputStream:75 - [STDERR_REDIRECT] 
2026-08-13 10:44:58,478 [ERROR] LogOutputStream:75 - [STDERR_REDIRECT] [Fatal Error] :1:1: Premature end of file.
2026-08-13 10:44:58,478 [ERROR] LogOutputStream:75 - [STDERR_REDIRECT] 
2026-08-13 10:44:59,476 [ERROR] LogOutputStream:75 - [STDERR_REDIRECT] [Fatal Error] :1:1: Premature end of file.
2026-08-13 10:44:59,476 [ERROR] LogOutputStream:75 - [STDERR_REDIRECT] 
2026-08-13 10:45:00,480 [ERROR] LogOutputStream:75 - [STDERR_REDIRECT] [Fatal Error] :1:1: Premature end of file.
2026-08-13 10:45:00,480 [ERROR] LogOutputStream:75 - [STDERR_REDIRECT] 
2026-08-13 10:45:01,479 [ERROR] LogOutputStream:75 - [STDERR_REDIRECT] [Fatal Error] :1:1: Premature end of file.
2026-08-13 10:45:01,479 [ERROR] LogOutputStream:75 - [STDERR_REDIRECT] 
2026-08-13 10:45:02,481 [ERROR] LogOutputStream:75 - [STDERR_REDIRECT] [Fatal Error] :1:1: Premature end of file.
2026-08-13 10:45:02,481 [ERROR] LogOutputStream:75 - [STDERR_REDIRECT] 
2026-08-13 10:45:03,480 [ERROR] LogOutputStream:75 - [STDERR_REDIRECT] [Fatal Error] :1:1: Premature end of file.
2026-08-13 10:45:03,480 [ERROR] LogOutputStream:75 - [STDERR_REDIRECT] 
2026-08-13 10:45:04,479 [ERROR] LogOutputStream:75 - [STDERR_REDIRECT] [Fatal Error] :1:1: Premature end of file.
2026-08-13 10:45:04,480 [ERROR] LogOutputStream:75 - [STDERR_REDIRECT] 
2026-08-13 10:45:05,481 [ERROR] LogOutputStream:75 - [STDERR_REDIRECT] [Fatal Error] :1:1: Premature end of file.
2026-08-13 10:45:05,481 [ERROR] LogOutputStream:75 - [STDERR_REDIRECT] 
2026-08-13 10:45:06,479 [ERROR] LogOutputStream:75 - [STDERR_REDIRECT] [Fatal Error] :1:1: Premature end of file.
2026-08-13 10:45:06,479 [ERROR] LogOutputStream:75 - [STDERR_REDIRECT] 
2026-08-13 10:45:07,494 [ERROR] LogOutputStream:75 - [STDERR_REDIRECT] [Fatal Error] :1:1: Premature end of file.
2026-08-13 10:45:07,495 [ERROR] LogOutputStream:75 - [STDERR_REDIRECT] 
2026-08-13 10:45:08,477 [ERROR] LogOutputStream:75 - [STDERR_REDIRECT] [Fatal Error] :1:1: Premature end of file.
2026-08-13 10:45:08,478 [ERROR] LogOutputStream:75 - [STDERR_REDIRECT] 
2026-08-13 10:45:09,475 [ERROR] LogOutputStream:75 - [STDERR_REDIRECT] [Fatal Error] :1:1: Premature end of file.
2026-08-13 10:45:09,475 [ERROR] LogOutputStream:75 - [STDERR_REDIRECT] 
2026-08-13 10:45:10,475 [ERROR] LogOutputStream:75 - [STDERR_REDIRECT] [Fatal Error] :1:1: Premature end of file.
2026-08-13 10:45:10,476 [ERROR] LogOutputStream:75 - [STDERR_REDIRECT] 
2026-08-13 10:45:11,477 [ERROR] LogOutputStream:75 - [STDERR_REDIRECT] [Fatal Error] :1:1: Premature end of file.
2026-08-13 10:45:11,477 [ERROR] LogOutputStream:75 - [STDERR_REDIRECT] 
2026-08-13 10:45:12,476 [ERROR] LogOutputStream:75 - [STDERR_REDIRECT] [Fatal Error] :1:1: Premature end of file.
2026-08-13 10:45:12,476 [ERROR] LogOutputStream:75 - [STDERR_REDIRECT] 
2026-08-13 10:45:13,478 [ERROR] LogOutputStream:75 - [STDERR_REDIRECT] [Fatal Error] :1:1: Premature end of file.
2026-08-13 10:45:13,478 [ERROR] LogOutputStream:75 - [STDERR_REDIRECT] 
2026-08-13 10:45:14,476 [ERROR] LogOutputStream:75 - [STDERR_REDIRECT] [Fatal Error] :1:1: Premature end of file.
2026-08-13 10:45:14,476 [ERROR] LogOutputStream:75 - [STDERR_REDIRECT] 
2026-08-13 10:45:15,475 [ERROR] LogOutputStream:75 - [STDERR_REDIRECT] [Fatal Error] :1:1: Premature end of file.
2026-08-13 10:45:15,475 [ERROR] LogOutputStream:75 - [STDERR_REDIRECT] 
2026-08-13 10:45:16,475 [ERROR] LogOutputStream:75 - [STDERR_REDIRECT] [Fatal Error] :1:1: Premature end of file.
2026-08-13 10:45:16,476 [ERROR] LogOutputStream:75 - [STDERR_REDIRECT] 
2026-08-13 10:45:17,476 [ERROR] LogOutputStream:75 - [STDERR_REDIRECT] [Fatal Error] :1:1: Premature end of file.
2026-08-13 10:45:17,476 [ERROR] LogOutputStream:75 - [STDERR_REDIRECT] 
2026-08-13 10:45:18,503 [ERROR] LogOutputStream:75 - [STDERR_REDIRECT] [Fatal Error] :1:1: Premature end of file.
2026-08-13 10:45:18,503 [ERROR] LogOutputStream:75 - [STDERR_REDIRECT] 
2026-08-13 10:45:19,478 [ERROR] LogOutputStream:75 - [STDERR_REDIRECT] [Fatal Error] :1:1: Premature end of file.
2026-08-13 10:45:19,478 [ERROR] LogOutputStream:75 - [STDERR_REDIRECT] 
2026-08-13 10:45:20,477 [ERROR] LogOutputStream:75 - [STDERR_REDIRECT] [Fatal Error] :1:1: Premature end of file.
2026-08-13 10:45:20,477 [ERROR] LogOutputStream:75 - [STDERR_REDIRECT] 
2026-08-13 10:45:21,485 [ERROR] LogOutputStream:75 - [STDERR_REDIRECT] [Fatal Error] :1:1: Premature end of file.
2026-08-13 10:45:21,485 [ERROR] LogOutputStream:75 - [STDERR_REDIRECT] 
2026-08-13 10:45:22,483 [ERROR] LogOutputStream:75 - [STDERR_REDIRECT] [Fatal Error] :1:1: Premature end of file.
2026-08-13 10:45:22,483 [ERROR] LogOutputStream:75 - [STDERR_REDIRECT] 
2026-08-13 10:45:23,478 [ERROR] LogOutputStream:75 - [STDERR_REDIRECT] [Fatal Error] :1:1: Premature end of file.
2026-08-13 10:45:23,478 [ERROR] LogOutputStream:75 - [STDERR_REDIRECT] 
2026-08-13 10:45:24,477 [ERROR] LogOutputStream:75 - [STDERR_REDIRECT] [Fatal Error] :1:1: Premature end of file.
2026-08-13 10:45:24,477 [ERROR] LogOutputStream:75 - [STDERR_REDIRECT] 
2026-08-13 10:45:25,476 [ERROR] LogOutputStream:75 - [STDERR_REDIRECT] [Fatal Error] :1:1: Premature end of file.
2026-08-13 10:45:25,476 [ERROR] LogOutputStream:75 - [STDERR_REDIRECT] 
2026-08-13 10:45:26,477 [ERROR] LogOutputStream:75 - [STDERR_REDIRECT] [Fatal Error] :1:1: Premature end of file.
2026-08-13 10:45:26,477 [ERROR] LogOutputStream:75 - [STDERR_REDIRECT] 
2026-08-13 10:45:27,475 [ERROR] LogOutputStream:75 - [STDERR_REDIRECT] [Fatal Error] :1:1: Premature end of file.
2026-08-13 10:45:27,476 [ERROR] LogOutputStream:75 - [STDERR_REDIRECT] 
2026-08-13 10:45:28,475 [ERROR] LogOutputStream:75 - [STDERR_REDIRECT] [Fatal Error] :1:1: Premature end of file.
2026-08-13 10:45:28,476 [ERROR] LogOutputStream:75 - [STDERR_REDIRECT] 
2026-08-13 10:45:29,477 [ERROR] LogOutputStream:75 - [STDERR_REDIRECT] [Fatal Error] :1:1: Premature end of file.
2026-08-13 10:45:29,477 [ERROR] LogOutputStream:75 - [STDERR_REDIRECT] 
2026-08-13 10:45:30,476 [ERROR] LogOutputStream:75 - [STDERR_REDIRECT] [Fatal Error] :1:1: Premature end of file.
2026-08-13 10:45:30,476 [ERROR] LogOutputStream:75 - [STDERR_REDIRECT] 
2026-08-13 10:45:31,479 [ERROR] LogOutputStream:75 - [STDERR_REDIRECT] [Fatal Error] :1:1: Premature end of file.
2026-08-13 10:45:31,479 [ERROR] LogOutputStream:75 - [STDERR_REDIRECT] 
2026-08-13 10:45:32,481 [ERROR] LogOutputStream:75 - [STDERR_REDIRECT] [Fatal Error] :1:1: Premature end of file.
2026-08-13 10:45:32,481 [ERROR] LogOutputStream:75 - [STDERR_REDIRECT] 
2026-08-13 10:45:33,478 [ERROR] LogOutputStream:75 - [STDERR_REDIRECT] [Fatal Error] :1:1: Premature end of file.
2026-08-13 10:45:33,480 [ERROR] LogOutputStream:75 - [STDERR_REDIRECT] 
2026-08-13 10:45:34,480 [ERROR] LogOutputStream:75 - [STDERR_REDIRECT] [Fatal Error] :1:1: Premature end of file.
2026-08-13 10:45:34,480 [ERROR] LogOutputStream:75 - [STDERR_REDIRECT] 
2026-08-13 10:45:35,481 [ERROR] LogOutputStream:75 - [STDERR_REDIRECT] [Fatal Error] :1:1: Premature end of file.
2026-08-13 10:45:35,481 [ERROR] LogOutputStream:75 - [STDERR_REDIRECT] 
2026-08-13 10:45:36,478 [ERROR] LogOutputStream:75 - [STDERR_REDIRECT] [Fatal Error] :1:1: Premature end of file.
2026-08-13 10:45:36,478 [ERROR] LogOutputStream:75 - [STDERR_REDIRECT] 
2026-08-13 10:45:37,482 [ERROR] LogOutputStream:75 - [STDERR_REDIRECT] [Fatal Error] :1:1: Premature end of file.
2026-08-13 10:45:37,482 [ERROR] LogOutputStream:75 - [STDERR_REDIRECT] 
2026-08-13 10:45:38,493 [ERROR] LogOutputStream:75 - [STDERR_REDIRECT] [Fatal Error] :1:1: Premature end of file.
2026-08-13 10:45:38,493 [ERROR] LogOutputStream:75 - [STDERR_REDIRECT] 
2026-08-13 10:45:39,489 [ERROR] LogOutputStream:75 - [STDERR_REDIRECT] [Fatal Error] :1:1: Premature end of file.
2026-08-13 10:45:39,489 [ERROR] LogOutputStream:75 - [STDERR_REDIRECT] 
2026-08-13 10:45:40,491 [ERROR] LogOutputStream:75 - [STDERR_REDIRECT] [Fatal Error] :1:1: Premature end of file.
2026-08-13 10:45:40,491 [ERROR] LogOutputStream:75 - [STDERR_REDIRECT] 
2026-08-13 10:45:41,481 [ERROR] LogOutputStream:75 - [STDERR_REDIRECT] [Fatal Error] :1:1: Premature end of file.
2026-08-13 10:45:41,481 [ERROR] LogOutputStream:75 - [STDERR_REDIRECT] 
2026-08-13 10:45:42,481 [ERROR] LogOutputStream:75 - [STDERR_REDIRECT] [Fatal Error] :1:1: Premature end of file.
2026-08-13 10:45:42,481 [ERROR] LogOutputStream:75 - [STDERR_REDIRECT] 
2026-08-13 10:45:43,480 [ERROR] LogOutputStream:75 - [STDERR_REDIRECT] [Fatal Error] :1:1: Premature end of file.
2026-08-13 10:45:43,480 [ERROR] LogOutputStream:75 - [STDERR_REDIRECT] 
2026-08-13 10:45:44,490 [ERROR] LogOutputStream:75 - [STDERR_REDIRECT] [Fatal Error] :1:1: Premature end of file.
2026-08-13 10:45:44,490 [ERROR] LogOutputStream:75 - [STDERR_REDIRECT] 
2026-08-13 10:45:45,481 [ERROR] LogOutputStream:75 - [STDERR_REDIRECT] [Fatal Error] :1:1: Premature end of file.
2026-08-13 10:45:45,481 [ERROR] LogOutputStream:75 - [STDERR_REDIRECT] 
2026-08-13 10:45:46,495 [ERROR] LogOutputStream:75 - [STDERR_REDIRECT] [Fatal Error] :1:1: Premature end of file.
2026-08-13 10:45:46,495 [ERROR] LogOutputStream:75 - [STDERR_REDIRECT] 
2026-08-13 10:45:47,486 [ERROR] LogOutputStream:75 - [STDERR_REDIRECT] [Fatal Error] :1:1: Premature end of file.
2026-08-13 10:45:47,487 [ERROR] LogOutputStream:75 - [STDERR_REDIRECT] 
2026-08-13 10:45:48,487 [ERROR] LogOutputStream:75 - [STDERR_REDIRECT] [Fatal Error] :1:1: Premature end of file.
2026-08-13 10:45:48,488 [ERROR] LogOutputStream:75 - [STDERR_REDIRECT] 
2026-08-13 10:45:49,483 [ERROR] LogOutputStream:75 - [STDERR_REDIRECT] [Fatal Error] :1:1: Premature end of file.
2026-08-13 10:45:49,483 [ERROR] LogOutputStream:75 - [STDERR_REDIRECT] 
2026-08-13 10:45:50,482 [ERROR] LogOutputStream:75 - [STDERR_REDIRECT] [Fatal Error] :1:1: Premature end of file.
2026-08-13 10:45:50,482 [ERROR] LogOutputStream:75 - [STDERR_REDIRECT] 
2026-08-13 10:45:51,494 [ERROR] LogOutputStream:75 - [STDERR_REDIRECT] [Fatal Error] :1:1: Premature end of file.
2026-08-13 10:45:51,494 [ERROR] LogOutputStream:75 - [STDERR_REDIRECT] 
2026-08-13 10:45:52,506 [ERROR] LogOutputStream:75 - [STDERR_REDIRECT] [Fatal Error] :1:1: Premature end of file.
2026-08-13 10:45:52,506 [ERROR] LogOutputStream:75 - [STDERR_REDIRECT] 
2026-08-13 10:45:53,486 [ERROR] LogOutputStream:75 - [STDERR_REDIRECT] [Fatal Error] :1:1: Premature end of file.
2026-08-13 10:45:53,487 [ERROR] LogOutputStream:75 - [STDERR_REDIRECT] 
2026-08-13 10:45:54,492 [ERROR] LogOutputStream:75 - [STDERR_REDIRECT] [Fatal Error] :1:1: Premature end of file.
2026-08-13 10:45:54,492 [ERROR] LogOutputStream:75 - [STDERR_REDIRECT] 
2026-08-13 10:45:55,490 [ERROR] LogOutputStream:75 - [STDERR_REDIRECT] [Fatal Error] :1:1: Premature end of file.
2026-08-13 10:45:55,491 [ERROR] LogOutputStream:75 - [STDERR_REDIRECT] 
2026-08-13 10:45:56,482 [ERROR] LogOutputStream:75 - [STDERR_REDIRECT] [Fatal Error] :1:1: Premature end of file.
2026-08-13 10:45:56,482 [ERROR] LogOutputStream:75 - [STDERR_REDIRECT] 
2026-08-13 10:45:57,482 [ERROR] LogOutputStream:75 - [STDERR_REDIRECT] [Fatal Error] :1:1: Premature end of file.
2026-08-13 10:45:57,483 [ERROR] LogOutputStream:75 - [STDERR_REDIRECT] 
2026-08-13 10:45:58,481 [ERROR] LogOutputStream:75 - [STDERR_REDIRECT] [Fatal Error] :1:1: Premature end of file.
2026-08-13 10:45:58,481 [ERROR] LogOutputStream:75 - [STDERR_REDIRECT] 
2026-08-13 10:45:59,489 [ERROR] LogOutputStream:75 - [STDERR_REDIRECT] [Fatal Error] :1:1: Premature end of file.
2026-08-13 10:45:59,489 [ERROR] LogOutputStream:75 - [STDERR_REDIRECT] 
2026-08-13 10:46:00,484 [ERROR] LogOutputStream:75 - [STDERR_REDIRECT] [Fatal Error] :1:1: Premature end of file.
2026-08-13 10:46:00,484 [ERROR] LogOutputStream:75 - [STDERR_REDIRECT] 
2026-08-13 10:46:01,481 [ERROR] LogOutputStream:75 - [STDERR_REDIRECT] [Fatal Error] :1:1: Premature end of file.
2026-08-13 10:46:01,482 [ERROR] LogOutputStream:75 - [STDERR_REDIRECT] 
2026-08-13 10:46:02,500 [ERROR] LogOutputStream:75 - [STDERR_REDIRECT] [Fatal Error] :1:1: Premature end of file.
2026-08-13 10:46:02,500 [ERROR] LogOutputStream:75 - [STDERR_REDIRECT] 
2026-08-13 10:46:03,499 [ERROR] LogOutputStream:75 - [STDERR_REDIRECT] [Fatal Error] :1:1: Premature end of file.
2026-08-13 10:46:03,499 [ERROR] LogOutputStream:75 - [STDERR_REDIRECT] 
2026-08-13 10:46:04,493 [ERROR] LogOutputStream:75 - [STDERR_REDIRECT] [Fatal Error] :1:1: Premature end of file.
2026-08-13 10:46:04,494 [ERROR] LogOutputStream:75 - [STDERR_REDIRECT] 
2026-08-13 10:46:05,495 [ERROR] LogOutputStream:75 - [STDERR_REDIRECT] [Fatal Error] :1:1: Premature end of file.
2026-08-13 10:46:05,495 [ERROR] LogOutputStream:75 - [STDERR_REDIRECT] 
2026-08-13 10:46:06,507 [ERROR] LogOutputStream:75 - [STDERR_REDIRECT] [Fatal Error] :1:1: Premature end of file.
2026-08-13 10:46:06,507 [ERROR] LogOutputStream:75 - [STDERR_REDIRECT] 
2026-08-13 10:46:07,490 [ERROR] LogOutputStream:75 - [STDERR_REDIRECT] [Fatal Error] :1:1: Premature end of file.
2026-08-13 10:46:07,491 [ERROR] LogOutputStream:75 - [STDERR_REDIRECT] 
2026-08-13 10:46:08,482 [ERROR] LogOutputStream:75 - [STDERR_REDIRECT] [Fatal Error] :1:1: Premature end of file.
2026-08-13 10:46:08,482 [ERROR] LogOutputStream:75 - [STDERR_REDIRECT] 
2026-08-13 10:46:09,483 [ERROR] LogOutputStream:75 - [STDERR_REDIRECT] [Fatal Error] :1:1: Premature end of file.
2026-08-13 10:46:09,483 [ERROR] LogOutputStream:75 - [STDERR_REDIRECT] 
2026-08-13 10:46:10,495 [ERROR] LogOutputStream:75 - [STDERR_REDIRECT] [Fatal Error] :1:1: Premature end of file.
2026-08-13 10:46:10,495 [ERROR] LogOutputStream:75 - [STDERR_REDIRECT] 
2026-08-13 10:46:11,479 [ERROR] LogOutputStream:75 - [STDERR_REDIRECT] [Fatal Error] :1:1: Premature end of file.
2026-08-13 10:46:11,479 [ERROR] LogOutputStream:75 - [STDERR_REDIRECT] 
2026-08-13 10:46:12,478 [ERROR] LogOutputStream:75 - [STDERR_REDIRECT] [Fatal Error] :1:1: Premature end of file.
2026-08-13 10:46:12,478 [ERROR] LogOutputStream:75 - [STDERR_REDIRECT] 
2026-08-13 10:46:13,492 [ERROR] LogOutputStream:75 - [STDERR_REDIRECT] [Fatal Error] :1:1: Premature end of file.
2026-08-13 10:46:13,492 [ERROR] LogOutputStream:75 - [STDERR_REDIRECT] 
2026-08-13 10:46:14,490 [ERROR] LogOutputStream:75 - [STDERR_REDIRECT] [Fatal Error] :1:1: Premature end of file.
2026-08-13 10:46:14,490 [ERROR] LogOutputStream:75 - [STDERR_REDIRECT] 
2026-08-13 10:46:15,489 [ERROR] LogOutputStream:75 - [STDERR_REDIRECT] [Fatal Error] :1:1: Premature end of file.
2026-08-13 10:46:15,490 [ERROR] LogOutputStream:75 - [STDERR_REDIRECT] 
2026-08-13 10:46:16,488 [ERROR] LogOutputStream:75 - [STDERR_REDIRECT] [Fatal Error] :1:1: Premature end of file.
2026-08-13 10:46:16,488 [ERROR] LogOutputStream:75 - [STDERR_REDIRECT] 
2026-08-13 10:46:17,481 [ERROR] LogOutputStream:75 - [STDERR_REDIRECT] [Fatal Error] :1:1: Premature end of file.
2026-08-13 10:46:17,481 [ERROR] LogOutputStream:75 - [STDERR_REDIRECT] 
2026-08-13 10:46:18,479 [ERROR] LogOutputStream:75 - [STDERR_REDIRECT] [Fatal Error] :1:1: Premature end of file.
2026-08-13 10:46:18,479 [ERROR] LogOutputStream:75 - [STDERR_REDIRECT] 
2026-08-13 10:46:19,479 [ERROR] LogOutputStream:75 - [STDERR_REDIRECT] [Fatal Error] :1:1: Premature end of file.
2026-08-13 10:46:19,479 [ERROR] LogOutputStream:75 - [STDERR_REDIRECT] 
2026-08-13 10:46:20,481 [ERROR] LogOutputStream:75 - [STDERR_REDIRECT] [Fatal Error] :1:1: Premature end of file.
2026-08-13 10:46:20,481 [ERROR] LogOutputStream:75 - [STDERR_REDIRECT] 
2026-08-13 10:46:21,476 [ERROR] LogOutputStream:75 - [STDERR_REDIRECT] [Fatal Error] :1:1: Premature end of file.
2026-08-13 10:46:21,477 [ERROR] LogOutputStream:75 - [STDERR_REDIRECT] 
2026-08-13 10:46:22,480 [ERROR] LogOutputStream:75 - [STDERR_REDIRECT] [Fatal Error] :1:1: Premature end of file.
2026-08-13 10:46:22,480 [ERROR] LogOutputStream:75 - [STDERR_REDIRECT] 
2026-08-13 10:46:23,493 [ERROR] LogOutputStream:75 - [STDERR_REDIRECT] [Fatal Error] :1:1: Premature end of file.
2026-08-13 10:46:23,493 [ERROR] LogOutputStream:75 - [STDERR_REDIRECT] 
2026-08-13 10:46:24,489 [ERROR] LogOutputStream:75 - [STDERR_REDIRECT] [Fatal Error] :1:1: Premature end of file.
2026-08-13 10:46:24,489 [ERROR] LogOutputStream:75 - [STDERR_REDIRECT] 
2026-08-13 10:46:25,484 [ERROR] LogOutputStream:75 - [STDERR_REDIRECT] [Fatal Error] :1:1: Premature end of file.
2026-08-13 10:46:25,485 [ERROR] LogOutputStream:75 - [STDERR_REDIRECT] 
2026-08-13 10:46:26,482 [ERROR] LogOutputStream:75 - [STDERR_REDIRECT] [Fatal Error] :1:1: Premature end of file.
2026-08-13 10:46:26,482 [ERROR] LogOutputStream:75 - [STDERR_REDIRECT] 
2026-08-13 10:46:27,483 [ERROR] LogOutputStream:75 - [STDERR_REDIRECT] [Fatal Error] :1:1: Premature end of file.
2026-08-13 10:46:27,483 [ERROR] LogOutputStream:75 - [STDERR_REDIRECT] 
2026-08-13 10:46:28,479 [ERROR] LogOutputStream:75 - [STDERR_REDIRECT] [Fatal Error] :1:1: Premature end of file.
2026-08-13 10:46:28,479 [ERROR] LogOutputStream:75 - [STDERR_REDIRECT] 
2026-08-13 10:46:29,480 [ERROR] LogOutputStream:75 - [STDERR_REDIRECT] [Fatal Error] :1:1: Premature end of file.
2026-08-13 10:46:29,480 [ERROR] LogOutputStream:75 - [STDERR_REDIRECT] 
2026-08-13 10:46:30,476 [ERROR] LogOutputStream:75 - [STDERR_REDIRECT] [Fatal Error] :1:1: Premature end of file.
2026-08-13 10:46:30,476 [ERROR] LogOutputStream:75 - [STDERR_REDIRECT] 
2026-08-13 10:46:31,490 [ERROR] LogOutputStream:75 - [STDERR_REDIRECT] [Fatal Error] :1:1: Premature end of file.
2026-08-13 10:46:31,491 [ERROR] LogOutputStream:75 - [STDERR_REDIRECT] 
2026-08-13 10:46:32,482 [ERROR] LogOutputStream:75 - [STDERR_REDIRECT] [Fatal Error] :1:1: Premature end of file.
2026-08-13 10:46:32,482 [ERROR] LogOutputStream:75 - [STDERR_REDIRECT] 
2026-08-13 10:46:33,489 [ERROR] LogOutputStream:75 - [STDERR_REDIRECT] [Fatal Error] :1:1: Premature end of file.
2026-08-13 10:46:33,489 [ERROR] LogOutputStream:75 - [STDERR_REDIRECT] 
2026-08-13 10:46:34,494 [ERROR] LogOutputStream:75 - [STDERR_REDIRECT] [Fatal Error] :1:1: Premature end of file.
2026-08-13 10:46:34,494 [ERROR] LogOutputStream:75 - [STDERR_REDIRECT] 
2026-08-13 10:46:35,478 [ERROR] LogOutputStream:75 - [STDERR_REDIRECT] [Fatal Error] :1:1: Premature end of file.
2026-08-13 10:46:35,479 [ERROR] LogOutputStream:75 - [STDERR_REDIRECT] 
2026-08-13 10:46:36,488 [ERROR] LogOutputStream:75 - [STDERR_REDIRECT] [Fatal Error] :1:1: Premature end of file.
2026-08-13 10:46:36,488 [ERROR] LogOutputStream:75 - [STDERR_REDIRECT] 
2026-08-13 10:46:37,487 [ERROR] LogOutputStream:75 - [STDERR_REDIRECT] [Fatal Error] :1:1: Premature end of file.
2026-08-13 10:46:37,488 [ERROR] LogOutputStream:75 - [STDERR_REDIRECT] 
2026-08-13 10:46:38,483 [ERROR] LogOutputStream:75 - [STDERR_REDIRECT] [Fatal Error] :1:1: Premature end of file.
2026-08-13 10:46:38,483 [ERROR] LogOutputStream:75 - [STDERR_REDIRECT] 
2026-08-13 10:46:39,480 [ERROR] LogOutputStream:75 - [STDERR_REDIRECT] [Fatal Error] :1:1: Premature end of file.
2026-08-13 10:46:39,480 [ERROR] LogOutputStream:75 - [STDERR_REDIRECT] 
2026-08-13 10:46:40,485 [ERROR] LogOutputStream:75 - [STDERR_REDIRECT] [Fatal Error] :1:1: Premature end of file.
2026-08-13 10:46:40,485 [ERROR] LogOutputStream:75 - [STDERR_REDIRECT] 
2026-08-13 10:46:41,489 [ERROR] LogOutputStream:75 - [STDERR_REDIRECT] [Fatal Error] :1:1: Premature end of file.
2026-08-13 10:46:41,489 [ERROR] LogOutputStream:75 - [STDERR_REDIRECT] 
2026-08-13 10:46:42,482 [ERROR] LogOutputStream:75 - [STDERR_REDIRECT] [Fatal Error] :1:1: Premature end of file.
2026-08-13 10:46:42,482 [ERROR] LogOutputStream:75 - [STDERR_REDIRECT] 
2026-08-13 10:46:43,476 [ERROR] LogOutputStream:75 - [STDERR_REDIRECT] [Fatal Error] :1:1: Premature end of file.
2026-08-13 10:46:43,477 [ERROR] LogOutputStream:75 - [STDERR_REDIRECT] 
2026-08-13 10:46:44,476 [ERROR] LogOutputStream:75 - [STDERR_REDIRECT] [Fatal Error] :1:1: Premature end of file.
2026-08-13 10:46:44,476 [ERROR] LogOutputStream:75 - [STDERR_REDIRECT] 
2026-08-13 10:46:45,492 [ERROR] LogOutputStream:75 - [STDERR_REDIRECT] [Fatal Error] :1:1: Premature end of file.
2026-08-13 10:46:45,492 [ERROR] LogOutputStream:75 - [STDERR_REDIRECT] 
2026-08-13 10:46:46,478 [ERROR] LogOutputStream:75 - [STDERR_REDIRECT] [Fatal Error] :1:1: Premature end of file.
2026-08-13 10:46:46,478 [ERROR] LogOutputStream:75 - [STDERR_REDIRECT] 
2026-08-13 10:46:47,476 [ERROR] LogOutputStream:75 - [STDERR_REDIRECT] [Fatal Error] :1:1: Premature end of file.
2026-08-13 10:46:47,476 [ERROR] LogOutputStream:75 - [STDERR_REDIRECT] 
2026-08-13 10:46:48,477 [ERROR] LogOutputStream:75 - [STDERR_REDIRECT] [Fatal Error] :1:1: Premature end of file.
2026-08-13 10:46:48,477 [ERROR] LogOutputStream:75 - [STDERR_REDIRECT] 
2026-08-13 10:46:49,482 [ERROR] LogOutputStream:75 - [STDERR_REDIRECT] [Fatal Error] :1:1: Premature end of file.
2026-08-13 10:46:49,482 [ERROR] LogOutputStream:75 - [STDERR_REDIRECT] 
2026-08-13 10:46:50,478 [ERROR] LogOutputStream:75 - [STDERR_REDIRECT] [Fatal Error] :1:1: Premature end of file.
2026-08-13 10:46:50,478 [ERROR] LogOutputStream:75 - [STDERR_REDIRECT] 
2026-08-13 10:46:51,476 [ERROR] LogOutputStream:75 - [STDERR_REDIRECT] [Fatal Error] :1:1: Premature end of file.
2026-08-13 10:46:51,476 [ERROR] LogOutputStream:75 - [STDERR_REDIRECT] 
2026-08-13 10:46:52,477 [ERROR] LogOutputStream:75 - [STDERR_REDIRECT] [Fatal Error] :1:1: Premature end of file.
2026-08-13 10:46:52,477 [ERROR] LogOutputStream:75 - [STDERR_REDIRECT] 
2026-08-13 10:46:53,476 [ERROR] LogOutputStream:75 - [STDERR_REDIRECT] [Fatal Error] :1:1: Premature end of file.
2026-08-13 10:46:53,476 [ERROR] LogOutputStream:75 - [STDERR_REDIRECT] 
2026-08-13 10:46:54,481 [ERROR] LogOutputStream:75 - [STDERR_REDIRECT] [Fatal Error] :1:1: Premature end of file.
2026-08-13 10:46:54,481 [ERROR] LogOutputStream:75 - [STDERR_REDIRECT] 
2026-08-13 10:46:55,487 [ERROR] LogOutputStream:75 - [STDERR_REDIRECT] [Fatal Error] :1:1: Premature end of file.
2026-08-13 10:46:55,487 [ERROR] LogOutputStream:75 - [STDERR_REDIRECT] 
2026-08-13 10:46:56,479 [ERROR] LogOutputStream:75 - [STDERR_REDIRECT] [Fatal Error] :1:1: Premature end of file.
2026-08-13 10:46:56,479 [ERROR] LogOutputStream:75 - [STDERR_REDIRECT] 
2026-08-13 10:46:57,478 [ERROR] LogOutputStream:75 - [STDERR_REDIRECT] [Fatal Error] :1:1: Premature end of file.
2026-08-13 10:46:57,478 [ERROR] LogOutputStream:75 - [STDERR_REDIRECT] 
2026-08-13 10:46:58,481 [ERROR] LogOutputStream:75 - [STDERR_REDIRECT] [Fatal Error] :1:1: Premature end of file.
2026-08-13 10:46:58,481 [ERROR] LogOutputStream:75 - [STDERR_REDIRECT] 
2026-08-13 10:46:59,479 [ERROR] LogOutputStream:75 - [STDERR_REDIRECT] [Fatal Error] :1:1: Premature end of file.
2026-08-13 10:46:59,479 [ERROR] LogOutputStream:75 - [STDERR_REDIRECT] 
2026-08-13 10:47:00,490 [ERROR] LogOutputStream:75 - [STDERR_REDIRECT] [Fatal Error] :1:1: Premature end of file.
2026-08-13 10:47:00,490 [ERROR] LogOutputStream:75 - [STDERR_REDIRECT] 
2026-08-13 10:47:01,485 [ERROR] LogOutputStream:75 - [STDERR_REDIRECT] [Fatal Error] :1:1: Premature end of file.
2026-08-13 10:47:01,485 [ERROR] LogOutputStream:75 - [STDERR_REDIRECT] 
2026-08-13 10:47:02,495 [ERROR] LogOutputStream:75 - [STDERR_REDIRECT] [Fatal Error] :1:1: Premature end of file.
2026-08-13 10:47:02,495 [ERROR] LogOutputStream:75 - [STDERR_REDIRECT] 
2026-08-13 10:47:03,483 [ERROR] LogOutputStream:75 - [STDERR_REDIRECT] [Fatal Error] :1:1: Premature end of file.
2026-08-13 10:47:03,484 [ERROR] LogOutputStream:75 - [STDERR_REDIRECT] 
2026-08-13 10:47:04,487 [ERROR] LogOutputStream:75 - [STDERR_REDIRECT] [Fatal Error] :1:1: Premature end of file.
2026-08-13 10:47:04,487 [ERROR] LogOutputStream:75 - [STDERR_REDIRECT] 
2026-08-13 10:47:05,481 [ERROR] LogOutputStream:75 - [STDERR_REDIRECT] [Fatal Error] :1:1: Premature end of file.
2026-08-13 10:47:05,481 [ERROR] LogOutputStream:75 - [STDERR_REDIRECT] 
2026-08-13 10:47:06,484 [ERROR] LogOutputStream:75 - [STDERR_REDIRECT] [Fatal Error] :1:1: Premature end of file.
2026-08-13 10:47:06,484 [ERROR] LogOutputStream:75 - [STDERR_REDIRECT] 
2026-08-13 10:47:07,482 [ERROR] LogOutputStream:75 - [STDERR_REDIRECT] [Fatal Error] :1:1: Premature end of file.
2026-08-13 10:47:07,482 [ERROR] LogOutputStream:75 - [STDERR_REDIRECT] 
2026-08-13 10:47:08,492 [ERROR] LogOutputStream:75 - [STDERR_REDIRECT] [Fatal Error] :1:1: Premature end of file.
2026-08-13 10:47:08,492 [ERROR] LogOutputStream:75 - [STDERR_REDIRECT] 
2026-08-13 10:47:09,487 [ERROR] LogOutputStream:75 - [STDERR_REDIRECT] [Fatal Error] :1:1: Premature end of file.
2026-08-13 10:47:09,487 [ERROR] LogOutputStream:75 - [STDERR_REDIRECT] 
2026-08-13 10:47:10,484 [ERROR] LogOutputStream:75 - [STDERR_REDIRECT] [Fatal Error] :1:1: Premature end of file.
2026-08-13 10:47:10,485 [ERROR] LogOutputStream:75 - [STDERR_REDIRECT] 
2026-08-13 10:47:11,481 [ERROR] LogOutputStream:75 - [STDERR_REDIRECT] [Fatal Error] :1:1: Premature end of file.
2026-08-13 10:47:11,481 [ERROR] LogOutputStream:75 - [STDERR_REDIRECT] 
2026-08-13 10:47:12,478 [ERROR] LogOutputStream:75 - [STDERR_REDIRECT] [Fatal Error] :1:1: Premature end of file.
2026-08-13 10:47:12,478 [ERROR] LogOutputStream:75 - [STDERR_REDIRECT] 
2026-08-13 10:47:13,484 [ERROR] LogOutputStream:75 - [STDERR_REDIRECT] [Fatal Error] :1:1: Premature end of file.
2026-08-13 10:47:13,484 [ERROR] LogOutputStream:75 - [STDERR_REDIRECT] 
2026-08-13 10:47:14,486 [ERROR] LogOutputStream:75 - [STDERR_REDIRECT] [Fatal Error] :1:1: Premature end of file.
2026-08-13 10:47:14,486 [ERROR] LogOutputStream:75 - [STDERR_REDIRECT] 
2026-08-13 10:47:15,484 [ERROR] LogOutputStream:75 - [STDERR_REDIRECT] [Fatal Error] :1:1: Premature end of file.
2026-08-13 10:47:15,484 [ERROR] LogOutputStream:75 - [STDERR_REDIRECT] 
2026-08-13 10:47:16,483 [ERROR] LogOutputStream:75 - [STDERR_REDIRECT] [Fatal Error] :1:1: Premature end of file.
2026-08-13 10:47:16,483 [ERROR] LogOutputStream:75 - [STDERR_REDIRECT] 
2026-08-13 10:47:17,483 [ERROR] LogOutputStream:75 - [STDERR_REDIRECT] [Fatal Error] :1:1: Premature end of file.
2026-08-13 10:47:17,483 [ERROR] LogOutputStream:75 - [STDERR_REDIRECT] 
2026-08-13 10:47:18,479 [ERROR] LogOutputStream:75 - [STDERR_REDIRECT] [Fatal Error] :1:1: Premature end of file.
2026-08-13 10:47:18,479 [ERROR] LogOutputStream:75 - [STDERR_REDIRECT] 
2026-08-13 10:47:19,493 [ERROR] LogOutputStream:75 - [STDERR_REDIRECT] [Fatal Error] :1:1: Premature end of file.
2026-08-13 10:47:19,493 [ERROR] LogOutputStream:75 - [STDERR_REDIRECT] 
2026-08-13 10:47:20,478 [ERROR] LogOutputStream:75 - [STDERR_REDIRECT] [Fatal Error] :1:1: Premature end of file.
2026-08-13 10:47:20,478 [ERROR] LogOutputStream:75 - [STDERR_REDIRECT] 
2026-08-13 10:47:21,491 [ERROR] LogOutputStream:75 - [STDERR_REDIRECT] [Fatal Error] :1:1: Premature end of file.
2026-08-13 10:47:21,491 [ERROR] LogOutputStream:75 - [STDERR_REDIRECT] 
2026-08-13 10:47:22,490 [ERROR] LogOutputStream:75 - [STDERR_REDIRECT] [Fatal Error] :1:1: Premature end of file.
2026-08-13 10:47:22,490 [ERROR] LogOutputStream:75 - [STDERR_REDIRECT] 
2026-08-13 10:47:23,483 [ERROR] LogOutputStream:75 - [STDERR_REDIRECT] [Fatal Error] :1:1: Premature end of file.
2026-08-13 10:47:23,483 [ERROR] LogOutputStream:75 - [STDERR_REDIRECT] 
2026-08-13 10:47:24,482 [ERROR] LogOutputStream:75 - [STDERR_REDIRECT] [Fatal Error] :1:1: Premature end of file.
2026-08-13 10:47:24,482 [ERROR] LogOutputStream:75 - [STDERR_REDIRECT] 
2026-08-13 10:47:25,482 [ERROR] LogOutputStream:75 - [STDERR_REDIRECT] [Fatal Error] :1:1: Premature end of file.
2026-08-13 10:47:25,483 [ERROR] LogOutputStream:75 - [STDERR_REDIRECT] 
2026-08-13 10:47:26,478 [ERROR] LogOutputStream:75 - [STDERR_REDIRECT] [Fatal Error] :1:1: Premature end of file.
2026-08-13 10:47:26,478 [ERROR] LogOutputStream:75 - [STDERR_REDIRECT] 
2026-08-13 10:47:27,479 [ERROR] LogOutputStream:75 - [STDERR_REDIRECT] [Fatal Error] :1:1: Premature end of file.
2026-08-13 10:47:27,479 [ERROR] LogOutputStream:75 - [STDERR_REDIRECT] 
2026-08-13 10:47:28,483 [ERROR] LogOutputStream:75 - [STDERR_REDIRECT] [Fatal Error] :1:1: Premature end of file.
2026-08-13 10:47:28,483 [ERROR] LogOutputStream:75 - [STDERR_REDIRECT] 
2026-08-13 10:47:29,479 [ERROR] LogOutputStream:75 - [STDERR_REDIRECT] [Fatal Error] :1:1: Premature end of file.
2026-08-13 10:47:29,479 [ERROR] LogOutputStream:75 - [STDERR_REDIRECT] 
2026-08-13 10:47:30,478 [ERROR] LogOutputStream:75 - [STDERR_REDIRECT] [Fatal Error] :1:1: Premature end of file.
2026-08-13 10:47:30,478 [ERROR] LogOutputStream:75 - [STDERR_REDIRECT] 
2026-08-13 10:47:31,489 [ERROR] LogOutputStream:75 - [STDERR_REDIRECT] [Fatal Error] :1:1: Premature end of file.
2026-08-13 10:47:31,489 [ERROR] LogOutputStream:75 - [STDERR_REDIRECT] 
2026-08-13 10:47:32,499 [ERROR] LogOutputStream:75 - [STDERR_REDIRECT] [Fatal Error] :1:1: Premature end of file.
2026-08-13 10:47:32,499 [ERROR] LogOutputStream:75 - [STDERR_REDIRECT] 
2026-08-13 10:47:33,485 [ERROR] LogOutputStream:75 - [STDERR_REDIRECT] [Fatal Error] :1:1: Premature end of file.
2026-08-13 10:47:33,485 [ERROR] LogOutputStream:75 - [STDERR_REDIRECT] 
2026-08-13 10:47:34,486 [ERROR] LogOutputStream:75 - [STDERR_REDIRECT] [Fatal Error] :1:1: Premature end of file.
2026-08-13 10:47:34,487 [ERROR] LogOutputStream:75 - [STDERR_REDIRECT] 
2026-08-13 10:47:35,481 [ERROR] LogOutputStream:75 - [STDERR_REDIRECT] [Fatal Error] :1:1: Premature end of file.
2026-08-13 10:47:35,481 [ERROR] LogOutputStream:75 - [STDERR_REDIRECT] 
2026-08-13 10:47:36,481 [ERROR] LogOutputStream:75 - [STDERR_REDIRECT] [Fatal Error] :1:1: Premature end of file.
2026-08-13 10:47:36,481 [ERROR] LogOutputStream:75 - [STDERR_REDIRECT] 
2026-08-13 10:47:37,481 [ERROR] LogOutputStream:75 - [STDERR_REDIRECT] [Fatal Error] :1:1: Premature end of file.
2026-08-13 10:47:37,482 [ERROR] LogOutputStream:75 - [STDERR_REDIRECT] 
2026-08-13 10:47:38,482 [ERROR] LogOutputStream:75 - [STDERR_REDIRECT] [Fatal Error] :1:1: Premature end of file.
2026-08-13 10:47:38,482 [ERROR] LogOutputStream:75 - [STDERR_REDIRECT] 
2026-08-13 10:47:39,487 [ERROR] LogOutputStream:75 - [STDERR_REDIRECT] [Fatal Error] :1:1: Premature end of file.
2026-08-13 10:47:39,487 [ERROR] LogOutputStream:75 - [STDERR_REDIRECT] 
2026-08-13 10:47:40,477 [ERROR] LogOutputStream:75 - [STDERR_REDIRECT] [Fatal Error] :1:1: Premature end of file.
2026-08-13 10:47:40,477 [ERROR] LogOutputStream:75 - [STDERR_REDIRECT] 
2026-08-13 10:47:41,479 [ERROR] LogOutputStream:75 - [STDERR_REDIRECT] [Fatal Error] :1:1: Premature end of file.
2026-08-13 10:47:41,479 [ERROR] LogOutputStream:75 - [STDERR_REDIRECT] 
2026-08-13 10:47:42,500 [ERROR] LogOutputStream:75 - [STDERR_REDIRECT] [Fatal Error] :1:1: Premature end of file.
2026-08-13 10:47:42,500 [ERROR] LogOutputStream:75 - [STDERR_REDIRECT] 
2026-08-13 10:47:43,478 [ERROR] LogOutputStream:75 - [STDERR_REDIRECT] [Fatal Error] :1:1: Premature end of file.
2026-08-13 10:47:43,478 [ERROR] LogOutputStream:75 - [STDERR_REDIRECT] 
2026-08-13 10:47:44,477 [ERROR] LogOutputStream:75 - [STDERR_REDIRECT] [Fatal Error] :1:1: Premature end of file.
2026-08-13 10:47:44,477 [ERROR] LogOutputStream:75 - [STDERR_REDIRECT] 
2026-08-13 10:47:45,478 [ERROR] LogOutputStream:75 - [STDERR_REDIRECT] [Fatal Error] :1:1: Premature end of file.
2026-08-13 10:47:45,478 [ERROR] LogOutputStream:75 - [STDERR_REDIRECT] 
2026-08-13 10:47:46,477 [ERROR] LogOutputStream:75 - [STDERR_REDIRECT] [Fatal Error] :1:1: Premature end of file.
2026-08-13 10:47:46,478 [ERROR] LogOutputStream:75 - [STDERR_REDIRECT] 
2026-08-13 10:47:47,476 [ERROR] LogOutputStream:75 - [STDERR_REDIRECT] [Fatal Error] :1:1: Premature end of file.
2026-08-13 10:47:47,476 [ERROR] LogOutputStream:75 - [STDERR_REDIRECT] 
2026-08-13 10:47:48,476 [ERROR] LogOutputStream:75 - [STDERR_REDIRECT] [Fatal Error] :1:1: Premature end of file.
2026-08-13 10:47:48,476 [ERROR] LogOutputStream:75 - [STDERR_REDIRECT] 
2026-08-13 10:47:49,485 [ERROR] LogOutputStream:75 - [STDERR_REDIRECT] [Fatal Error] :1:1: Premature end of file.
2026-08-13 10:47:49,485 [ERROR] LogOutputStream:75 - [STDERR_REDIRECT] 
2026-08-13 10:47:50,479 [ERROR] LogOutputStream:75 - [STDERR_REDIRECT] [Fatal Error] :1:1: Premature end of file.
2026-08-13 10:47:50,479 [ERROR] LogOutputStream:75 - [STDERR_REDIRECT] 
2026-08-13 10:47:51,490 [ERROR] LogOutputStream:75 - [STDERR_REDIRECT] [Fatal Error] :1:1: Premature end of file.
2026-08-13 10:47:51,490 [ERROR] LogOutputStream:75 - [STDERR_REDIRECT] 
2026-08-13 10:47:52,473 [ERROR] LogOutputStream:75 - [STDERR_REDIRECT] [Fatal Error] :1:1: Premature end of file.
2026-08-13 10:47:52,473 [ERROR] LogOutputStream:75 - [STDERR_REDIRECT] 
2026-08-13 10:47:53,479 [ERROR] LogOutputStream:75 - [STDERR_REDIRECT] [Fatal Error] :1:1: Premature end of file.
2026-08-13 10:47:53,479 [ERROR] LogOutputStream:75 - [STDERR_REDIRECT] 
2026-08-13 10:47:54,477 [ERROR] LogOutputStream:75 - [STDERR_REDIRECT] [Fatal Error] :1:1: Premature end of file.
2026-08-13 10:47:54,477 [ERROR] LogOutputStream:75 - [STDERR_REDIRECT] 
2026-08-13 10:47:55,499 [ERROR] LogOutputStream:75 - [STDERR_REDIRECT] [Fatal Error] :1:1: Premature end of file.
2026-08-13 10:47:55,499 [ERROR] LogOutputStream:75 - [STDERR_REDIRECT] 
2026-08-13 10:47:56,478 [ERROR] LogOutputStream:75 - [STDERR_REDIRECT] [Fatal Error] :1:1: Premature end of file.
2026-08-13 10:47:56,478 [ERROR] LogOutputStream:75 - [STDERR_REDIRECT] 
2026-08-13 10:47:57,477 [ERROR] LogOutputStream:75 - [STDERR_REDIRECT] [Fatal Error] :1:1: Premature end of file.
2026-08-13 10:47:57,477 [ERROR] LogOutputStream:75 - [STDERR_REDIRECT] 
2026-08-13 10:47:58,483 [ERROR] LogOutputStream:75 - [STDERR_REDIRECT] [Fatal Error] :1:1: Premature end of file.
2026-08-13 10:47:58,483 [ERROR] LogOutputStream:75 - [STDERR_REDIRECT] 
2026-08-13 10:47:59,482 [ERROR] LogOutputStream:75 - [STDERR_REDIRECT] [Fatal Error] :1:1: Premature end of file.
2026-08-13 10:47:59,482 [ERROR] LogOutputStream:75 - [STDERR_REDIRECT] 
2026-08-13 10:48:00,478 [ERROR] LogOutputStream:75 - [STDERR_REDIRECT] [Fatal Error] :1:1: Premature end of file.
2026-08-13 10:48:00,479 [ERROR] LogOutputStream:75 - [STDERR_REDIRECT] 
2026-08-13 10:48:01,491 [ERROR] LogOutputStream:75 - [STDERR_REDIRECT] [Fatal Error] :1:1: Premature end of file.
2026-08-13 10:48:01,491 [ERROR] LogOutputStream:75 - [STDERR_REDIRECT] 
2026-08-13 10:48:02,490 [ERROR] LogOutputStream:75 - [STDERR_REDIRECT] [Fatal Error] :1:1: Premature end of file.
2026-08-13 10:48:02,490 [ERROR] LogOutputStream:75 - [STDERR_REDIRECT] 
2026-08-13 10:48:03,491 [ERROR] LogOutputStream:75 - [STDERR_REDIRECT] [Fatal Error] :1:1: Premature end of file.
2026-08-13 10:48:03,492 [ERROR] LogOutputStream:75 - [STDERR_REDIRECT] 
2026-08-13 10:48:04,477 [ERROR] LogOutputStream:75 - [STDERR_REDIRECT] [Fatal Error] :1:1: Premature end of file.
2026-08-13 10:48:04,477 [ERROR] LogOutputStream:75 - [STDERR_REDIRECT] 
2026-08-13 10:48:05,481 [ERROR] LogOutputStream:75 - [STDERR_REDIRECT] [Fatal Error] :1:1: Premature end of file.
2026-08-13 10:48:05,481 [ERROR] LogOutputStream:75 - [STDERR_REDIRECT] 
2026-08-13 10:48:06,482 [ERROR] LogOutputStream:75 - [STDERR_REDIRECT] [Fatal Error] :1:1: Premature end of file.
2026-08-13 10:48:06,482 [ERROR] LogOutputStream:75 - [STDERR_REDIRECT] 
2026-08-13 10:48:07,507 [ERROR] LogOutputStream:75 - [STDERR_REDIRECT] [Fatal Error] :1:1: Premature end of file.
2026-08-13 10:48:07,507 [ERROR] LogOutputStream:75 - [STDERR_REDIRECT] 
2026-08-13 10:48:08,484 [ERROR] LogOutputStream:75 - [STDERR_REDIRECT] [Fatal Error] :1:1: Premature end of file.
2026-08-13 10:48:08,484 [ERROR] LogOutputStream:75 - [STDERR_REDIRECT] 
2026-08-13 10:48:09,512 [ERROR] LogOutputStream:75 - [STDERR_REDIRECT] [Fatal Error] :1:1: Premature end of file.
2026-08-13 10:48:09,512 [ERROR] LogOutputStream:75 - [STDERR_REDIRECT] 
2026-08-13 10:48:10,492 [ERROR] LogOutputStream:75 - [STDERR_REDIRECT] [Fatal Error] :1:1: Premature end of file.
2026-08-13 10:48:10,492 [ERROR] LogOutputStream:75 - [STDERR_REDIRECT] 
2026-08-13 10:48:11,477 [ERROR] LogOutputStream:75 - [STDERR_REDIRECT] [Fatal Error] :1:1: Premature end of file.
2026-08-13 10:48:11,478 [ERROR] LogOutputStream:75 - [STDERR_REDIRECT] 
2026-08-13 10:48:12,478 [ERROR] LogOutputStream:75 - [STDERR_REDIRECT] [Fatal Error] :1:1: Premature end of file.
2026-08-13 10:48:12,478 [ERROR] LogOutputStream:75 - [STDERR_REDIRECT] 
2026-08-13 10:48:13,476 [ERROR] LogOutputStream:75 - [STDERR_REDIRECT] [Fatal Error] :1:1: Premature end of file.
2026-08-13 10:48:13,476 [ERROR] LogOutputStream:75 - [STDERR_REDIRECT] 
2026-08-13 10:48:14,490 [ERROR] LogOutputStream:75 - [STDERR_REDIRECT] [Fatal Error] :1:1: Premature end of file.
2026-08-13 10:48:14,490 [ERROR] LogOutputStream:75 - [STDERR_REDIRECT] 
2026-08-13 10:48:15,475 [ERROR] LogOutputStream:75 - [STDERR_REDIRECT] [Fatal Error] :1:1: Premature end of file.
2026-08-13 10:48:15,475 [ERROR] LogOutputStream:75 - [STDERR_REDIRECT] 
2026-08-13 10:48:16,477 [ERROR] LogOutputStream:75 - [STDERR_REDIRECT] [Fatal Error] :1:1: Premature end of file.
2026-08-13 10:48:16,477 [ERROR] LogOutputStream:75 - [STDERR_REDIRECT] 
2026-08-13 10:48:17,479 [ERROR] LogOutputStream:75 - [STDERR_REDIRECT] [Fatal Error] :1:1: Premature end of file.
2026-08-13 10:48:17,479 [ERROR] LogOutputStream:75 - [STDERR_REDIRECT] 
2026-08-13 10:48:18,480 [ERROR] LogOutputStream:75 - [STDERR_REDIRECT] [Fatal Error] :1:1: Premature end of file.
2026-08-13 10:48:18,480 [ERROR] LogOutputStream:75 - [STDERR_REDIRECT] 
2026-08-13 10:48:19,476 [ERROR] LogOutputStream:75 - [STDERR_REDIRECT] [Fatal Error] :1:1: Premature end of file.
2026-08-13 10:48:19,476 [ERROR] LogOutputStream:75 - [STDERR_REDIRECT] 
2026-08-13 10:48:20,477 [ERROR] LogOutputStream:75 - [STDERR_REDIRECT] [Fatal Error] :1:1: Premature end of file.
2026-08-13 10:48:20,477 [ERROR] LogOutputStream:75 - [STDERR_REDIRECT] 
2026-08-13 10:48:21,475 [ERROR] LogOutputStream:75 - [STDERR_REDIRECT] [Fatal Error] :1:1: Premature end of file.
2026-08-13 10:48:21,475 [ERROR] LogOutputStream:75 - [STDERR_REDIRECT] 
2026-08-13 10:48:22,481 [ERROR] LogOutputStream:75 - [STDERR_REDIRECT] [Fatal Error] :1:1: Premature end of file.
2026-08-13 10:48:22,481 [ERROR] LogOutputStream:75 - [STDERR_REDIRECT] 
2026-08-13 10:48:23,476 [ERROR] LogOutputStream:75 - [STDERR_REDIRECT] [Fatal Error] :1:1: Premature end of file.
2026-08-13 10:48:23,476 [ERROR] LogOutputStream:75 - [STDERR_REDIRECT] 
2026-08-13 10:48:24,477 [ERROR] LogOutputStream:75 - [STDERR_REDIRECT] [Fatal Error] :1:1: Premature end of file.
2026-08-13 10:48:24,478 [ERROR] LogOutputStream:75 - [STDERR_REDIRECT] 
2026-08-13 10:48:25,492 [ERROR] LogOutputStream:75 - [STDERR_REDIRECT] [Fatal Error] :1:1: Premature end of file.
2026-08-13 10:48:25,492 [ERROR] LogOutputStream:75 - [STDERR_REDIRECT] 
2026-08-13 10:48:26,475 [ERROR] LogOutputStream:75 - [STDERR_REDIRECT] [Fatal Error] :1:1: Premature end of file.
2026-08-13 10:48:26,475 [ERROR] LogOutputStream:75 - [STDERR_REDIRECT] 
2026-08-13 10:48:27,483 [ERROR] LogOutputStream:75 - [STDERR_REDIRECT] [Fatal Error] :1:1: Premature end of file.
2026-08-13 10:48:27,483 [ERROR] LogOutputStream:75 - [STDERR_REDIRECT] 
2026-08-13 10:48:28,477 [ERROR] LogOutputStream:75 - [STDERR_REDIRECT] [Fatal Error] :1:1: Premature end of file.
2026-08-13 10:48:28,477 [ERROR] LogOutputStream:75 - [STDERR_REDIRECT] 
2026-08-13 10:48:29,479 [ERROR] LogOutputStream:75 - [STDERR_REDIRECT] [Fatal Error] :1:1: Premature end of file.
2026-08-13 10:48:29,479 [ERROR] LogOutputStream:75 - [STDERR_REDIRECT] 
2026-08-13 10:48:30,486 [ERROR] LogOutputStream:75 - [STDERR_REDIRECT] [Fatal Error] :1:1: Premature end of file.
2026-08-13 10:48:30,486 [ERROR] LogOutputStream:75 - [STDERR_REDIRECT] 
2026-08-13 10:48:31,478 [ERROR] LogOutputStream:75 - [STDERR_REDIRECT] [Fatal Error] :1:1: Premature end of file.
2026-08-13 10:48:31,479 [ERROR] LogOutputStream:75 - [STDERR_REDIRECT] 
2026-08-13 10:48:32,509 [ERROR] LogOutputStream:75 - [STDERR_REDIRECT] [Fatal Error] :1:1: Premature end of file.
2026-08-13 10:48:32,510 [ERROR] LogOutputStream:75 - [STDERR_REDIRECT] 
2026-08-13 10:48:33,501 [ERROR] LogOutputStream:75 - [STDERR_REDIRECT] [Fatal Error] :1:1: Premature end of file.
2026-08-13 10:48:33,501 [ERROR] LogOutputStream:75 - [STDERR_REDIRECT] 
2026-08-13 10:48:34,491 [ERROR] LogOutputStream:75 - [STDERR_REDIRECT] [Fatal Error] :1:1: Premature end of file.
2026-08-13 10:48:34,491 [ERROR] LogOutputStream:75 - [STDERR_REDIRECT] 
2026-08-13 10:48:35,495 [ERROR] LogOutputStream:75 - [STDERR_REDIRECT] [Fatal Error] :1:1: Premature end of file.
2026-08-13 10:48:35,495 [ERROR] LogOutputStream:75 - [STDERR_REDIRECT] 
2026-08-13 10:48:36,490 [ERROR] LogOutputStream:75 - [STDERR_REDIRECT] [Fatal Error] :1:1: Premature end of file.
2026-08-13 10:48:36,490 [ERROR] LogOutputStream:75 - [STDERR_REDIRECT] 
2026-08-13 10:48:37,494 [ERROR] LogOutputStream:75 - [STDERR_REDIRECT] [Fatal Error] :1:1: Premature end of file.
2026-08-13 10:48:37,494 [ERROR] LogOutputStream:75 - [STDERR_REDIRECT] 
2026-08-13 10:48:38,485 [ERROR] LogOutputStream:75 - [STDERR_REDIRECT] [Fatal Error] :1:1: Premature end of file.
2026-08-13 10:48:38,486 [ERROR] LogOutputStream:75 - [STDERR_REDIRECT] 
2026-08-13 10:48:39,491 [ERROR] LogOutputStream:75 - [STDERR_REDIRECT] [Fatal Error] :1:1: Premature end of file.
2026-08-13 10:48:39,491 [ERROR] LogOutputStream:75 - [STDERR_REDIRECT] 
2026-08-13 10:48:40,486 [ERROR] LogOutputStream:75 - [STDERR_REDIRECT] [Fatal Error] :1:1: Premature end of file.
2026-08-13 10:48:40,486 [ERROR] LogOutputStream:75 - [STDERR_REDIRECT] 
2026-08-13 10:48:41,490 [ERROR] LogOutputStream:75 - [STDERR_REDIRECT] [Fatal Error] :1:1: Premature end of file.
2026-08-13 10:48:41,490 [ERROR] LogOutputStream:75 - [STDERR_REDIRECT] 
2026-08-13 10:48:42,492 [ERROR] LogOutputStream:75 - [STDERR_REDIRECT] [Fatal Error] :1:1: Premature end of file.
2026-08-13 10:48:42,492 [ERROR] LogOutputStream:75 - [STDERR_REDIRECT] 
2026-08-13 10:48:43,485 [ERROR] LogOutputStream:75 - [STDERR_REDIRECT] [Fatal Error] :1:1: Premature end of file.
2026-08-13 10:48:43,485 [ERROR] LogOutputStream:75 - [STDERR_REDIRECT] 
2026-08-13 10:48:44,482 [ERROR] LogOutputStream:75 - [STDERR_REDIRECT] [Fatal Error] :1:1: Premature end of file.
2026-08-13 10:48:44,482 [ERROR] LogOutputStream:75 - [STDERR_REDIRECT] 
2026-08-13 10:48:45,478 [ERROR] LogOutputStream:75 - [STDERR_REDIRECT] [Fatal Error] :1:1: Premature end of file.
2026-08-13 10:48:45,478 [ERROR] LogOutputStream:75 - [STDERR_REDIRECT] 
2026-08-13 10:48:46,478 [ERROR] LogOutputStream:75 - [STDERR_REDIRECT] [Fatal Error] :1:1: Premature end of file.
2026-08-13 10:48:46,478 [ERROR] LogOutputStream:75 - [STDERR_REDIRECT] 
2026-08-13 10:48:47,494 [ERROR] LogOutputStream:75 - [STDERR_REDIRECT] [Fatal Error] :1:1: Premature end of file.
2026-08-13 10:48:47,494 [ERROR] LogOutputStream:75 - [STDERR_REDIRECT] 
2026-08-13 10:48:48,485 [ERROR] LogOutputStream:75 - [STDERR_REDIRECT] [Fatal Error] :1:1: Premature end of file.
2026-08-13 10:48:48,485 [ERROR] LogOutputStream:75 - [STDERR_REDIRECT] 
2026-08-13 10:48:49,483 [ERROR] LogOutputStream:75 - [STDERR_REDIRECT] [Fatal Error] :1:1: Premature end of file.
2026-08-13 10:48:49,484 [ERROR] LogOutputStream:75 - [STDERR_REDIRECT] 
2026-08-13 10:48:50,482 [ERROR] LogOutputStream:75 - [STDERR_REDIRECT] [Fatal Error] :1:1: Premature end of file.
2026-08-13 10:48:50,482 [ERROR] LogOutputStream:75 - [STDERR_REDIRECT] 
2026-08-13 10:48:51,478 [ERROR] LogOutputStream:75 - [STDERR_REDIRECT] [Fatal Error] :1:1: Premature end of file.
2026-08-13 10:48:51,478 [ERROR] LogOutputStream:75 - [STDERR_REDIRECT] 
2026-08-13 10:48:52,485 [ERROR] LogOutputStream:75 - [STDERR_REDIRECT] [Fatal Error] :1:1: Premature end of file.
2026-08-13 10:48:52,485 [ERROR] LogOutputStream:75 - [STDERR_REDIRECT] 
2026-08-13 10:48:53,482 [ERROR] LogOutputStream:75 - [STDERR_REDIRECT] [Fatal Error] :1:1: Premature end of file.
2026-08-13 10:48:53,482 [ERROR] LogOutputStream:75 - [STDERR_REDIRECT] 
2026-08-13 10:48:54,481 [ERROR] LogOutputStream:75 - [STDERR_REDIRECT] [Fatal Error] :1:1: Premature end of file.
2026-08-13 10:48:54,481 [ERROR] LogOutputStream:75 - [STDERR_REDIRECT] 
2026-08-13 10:48:55,493 [ERROR] LogOutputStream:75 - [STDERR_REDIRECT] [Fatal Error] :1:1: Premature end of file.
2026-08-13 10:48:55,493 [ERROR] LogOutputStream:75 - [STDERR_REDIRECT] 
2026-08-13 10:48:56,484 [ERROR] LogOutputStream:75 - [STDERR_REDIRECT] [Fatal Error] :1:1: Premature end of file.
2026-08-13 10:48:56,484 [ERROR] LogOutputStream:75 - [STDERR_REDIRECT] 
2026-08-13 10:48:57,488 [ERROR] LogOutputStream:75 - [STDERR_REDIRECT] [Fatal Error] :1:1: Premature end of file.
2026-08-13 10:48:57,488 [ERROR] LogOutputStream:75 - [STDERR_REDIRECT] 
2026-08-13 10:48:58,483 [ERROR] LogOutputStream:75 - [STDERR_REDIRECT] [Fatal Error] :1:1: Premature end of file.
2026-08-13 10:48:58,484 [ERROR] LogOutputStream:75 - [STDERR_REDIRECT] 
2026-08-13 10:48:59,482 [ERROR] LogOutputStream:75 - [STDERR_REDIRECT] [Fatal Error] :1:1: Premature end of file.
2026-08-13 10:48:59,482 [ERROR] LogOutputStream:75 - [STDERR_REDIRECT] 
2026-08-13 10:49:00,480 [ERROR] LogOutputStream:75 - [STDERR_REDIRECT] [Fatal Error] :1:1: Premature end of file.
2026-08-13 10:49:00,480 [ERROR] LogOutputStream:75 - [STDERR_REDIRECT] 
2026-08-13 10:49:01,482 [ERROR] LogOutputStream:75 - [STDERR_REDIRECT] [Fatal Error] :1:1: Premature end of file.
2026-08-13 10:49:01,482 [ERROR] LogOutputStream:75 - [STDERR_REDIRECT] 
2026-08-13 10:49:02,479 [ERROR] LogOutputStream:75 - [STDERR_REDIRECT] [Fatal Error] :1:1: Premature end of file.
2026-08-13 10:49:02,479 [ERROR] LogOutputStream:75 - [STDERR_REDIRECT] 
2026-08-13 10:49:03,527 [ERROR] LogOutputStream:75 - [STDERR_REDIRECT] [Fatal Error] :1:1: Premature end of file.
2026-08-13 10:49:03,527 [ERROR] LogOutputStream:75 - [STDERR_REDIRECT] 
2026-08-13 10:49:04,486 [ERROR] LogOutputStream:75 - [STDERR_REDIRECT] [Fatal Error] :1:1: Premature end of file.
2026-08-13 10:49:04,486 [ERROR] LogOutputStream:75 - [STDERR_REDIRECT] 
2026-08-13 10:49:05,487 [ERROR] LogOutputStream:75 - [STDERR_REDIRECT] [Fatal Error] :1:1: Premature end of file.
2026-08-13 10:49:05,487 [ERROR] LogOutputStream:75 - [STDERR_REDIRECT] 
2026-08-13 10:49:06,490 [ERROR] LogOutputStream:75 - [STDERR_REDIRECT] [Fatal Error] :1:1: Premature end of file.
2026-08-13 10:49:06,490 [ERROR] LogOutputStream:75 - [STDERR_REDIRECT] 
2026-08-13 10:49:07,486 [ERROR] LogOutputStream:75 - [STDERR_REDIRECT] [Fatal Error] :1:1: Premature end of file.
2026-08-13 10:49:07,486 [ERROR] LogOutputStream:75 - [STDERR_REDIRECT] 
2026-08-13 10:49:08,491 [ERROR] LogOutputStream:75 - [STDERR_REDIRECT] [Fatal Error] :1:1: Premature end of file.
2026-08-13 10:49:08,492 [ERROR] LogOutputStream:75 - [STDERR_REDIRECT] 
2026-08-13 10:49:09,486 [ERROR] LogOutputStream:75 - [STDERR_REDIRECT] [Fatal Error] :1:1: Premature end of file.
2026-08-13 10:49:09,486 [ERROR] LogOutputStream:75 - [STDERR_REDIRECT] 
2026-08-13 10:49:10,488 [ERROR] LogOutputStream:75 - [STDERR_REDIRECT] [Fatal Error] :1:1: Premature end of file.
2026-08-13 10:49:10,488 [ERROR] LogOutputStream:75 - [STDERR_REDIRECT] 
2026-08-13 10:49:11,486 [ERROR] LogOutputStream:75 - [STDERR_REDIRECT] [Fatal Error] :1:1: Premature end of file.
2026-08-13 10:49:11,486 [ERROR] LogOutputStream:75 - [STDERR_REDIRECT] 
2026-08-13 10:49:12,486 [ERROR] LogOutputStream:75 - [STDERR_REDIRECT] [Fatal Error] :1:1: Premature end of file.
2026-08-13 10:49:12,486 [ERROR] LogOutputStream:75 - [STDERR_REDIRECT] 
2026-08-13 10:49:13,485 [ERROR] LogOutputStream:75 - [STDERR_REDIRECT] [Fatal Error] :1:1: Premature end of file.
2026-08-13 10:49:13,486 [ERROR] LogOutputStream:75 - [STDERR_REDIRECT] 
2026-08-13 10:49:14,483 [ERROR] LogOutputStream:75 - [STDERR_REDIRECT] [Fatal Error] :1:1: Premature end of file.
2026-08-13 10:49:14,483 [ERROR] LogOutputStream:75 - [STDERR_REDIRECT] 
2026-08-13 10:49:15,480 [ERROR] LogOutputStream:75 - [STDERR_REDIRECT] [Fatal Error] :1:1: Premature end of file.
2026-08-13 10:49:15,480 [ERROR] LogOutputStream:75 - [STDERR_REDIRECT] 
2026-08-13 10:49:16,483 [ERROR] LogOutputStream:75 - [STDERR_REDIRECT] [Fatal Error] :1:1: Premature end of file.
2026-08-13 10:49:16,483 [ERROR] LogOutputStream:75 - [STDERR_REDIRECT] 
2026-08-13 10:49:17,480 [ERROR] LogOutputStream:75 - [STDERR_REDIRECT] [Fatal Error] :1:1: Premature end of file.
2026-08-13 10:49:17,480 [ERROR] LogOutputStream:75 - [STDERR_REDIRECT] 
2026-08-13 10:49:18,482 [ERROR] LogOutputStream:75 - [STDERR_REDIRECT] [Fatal Error] :1:1: Premature end of file.
2026-08-13 10:49:18,482 [ERROR] LogOutputStream:75 - [STDERR_REDIRECT] 
2026-08-13 10:49:19,480 [ERROR] LogOutputStream:75 - [STDERR_REDIRECT] [Fatal Error] :1:1: Premature end of file.
2026-08-13 10:49:19,480 [ERROR] LogOutputStream:75 - [STDERR_REDIRECT] 
2026-08-13 10:49:20,478 [ERROR] LogOutputStream:75 - [STDERR_REDIRECT] [Fatal Error] :1:1: Premature end of file.
2026-08-13 10:49:20,478 [ERROR] LogOutputStream:75 - [STDERR_REDIRECT] 
2026-08-13 10:49:21,485 [ERROR] LogOutputStream:75 - [STDERR_REDIRECT] [Fatal Error] :1:1: Premature end of file.
2026-08-13 10:49:21,485 [ERROR] LogOutputStream:75 - [STDERR_REDIRECT] 
2026-08-13 10:49:22,475 [ERROR] LogOutputStream:75 - [STDERR_REDIRECT] [Fatal Error] :1:1: Premature end of file.
2026-08-13 10:49:22,475 [ERROR] LogOutputStream:75 - [STDERR_REDIRECT] 
2026-08-13 10:49:23,486 [ERROR] LogOutputStream:75 - [STDERR_REDIRECT] [Fatal Error] :1:1: Premature end of file.
2026-08-13 10:49:23,486 [ERROR] LogOutputStream:75 - [STDERR_REDIRECT] 
2026-08-13 10:49:24,479 [ERROR] LogOutputStream:75 - [STDERR_REDIRECT] [Fatal Error] :1:1: Premature end of file.
2026-08-13 10:49:24,479 [ERROR] LogOutputStream:75 - [STDERR_REDIRECT] 
2026-08-13 10:49:25,479 [ERROR] LogOutputStream:75 - [STDERR_REDIRECT] [Fatal Error] :1:1: Premature end of file.
2026-08-13 10:49:25,479 [ERROR] LogOutputStream:75 - [STDERR_REDIRECT] 
2026-08-13 10:49:26,476 [ERROR] LogOutputStream:75 - [STDERR_REDIRECT] [Fatal Error] :1:1: Premature end of file.
2026-08-13 10:49:26,476 [ERROR] LogOutputStream:75 - [STDERR_REDIRECT] 
2026-08-13 10:49:27,478 [ERROR] LogOutputStream:75 - [STDERR_REDIRECT] [Fatal Error] :1:1: Premature end of file.
2026-08-13 10:49:27,478 [ERROR] LogOutputStream:75 - [STDERR_REDIRECT] 
2026-08-13 10:49:28,479 [ERROR] LogOutputStream:75 - [STDERR_REDIRECT] [Fatal Error] :1:1: Premature end of file.
2026-08-13 10:49:28,479 [ERROR] LogOutputStream:75 - [STDERR_REDIRECT] 
2026-08-13 10:49:29,476 [ERROR] LogOutputStream:75 - [STDERR_REDIRECT] [Fatal Error] :1:1: Premature end of file.
2026-08-13 10:49:29,476 [ERROR] LogOutputStream:75 - [STDERR_REDIRECT] 
2026-08-13 10:49:30,477 [ERROR] LogOutputStream:75 - [STDERR_REDIRECT] [Fatal Error] :1:1: Premature end of file.
2026-08-13 10:49:30,477 [ERROR] LogOutputStream:75 - [STDERR_REDIRECT] 
2026-08-13 10:49:31,476 [ERROR] LogOutputStream:75 - [STDERR_REDIRECT] [Fatal Error] :1:1: Premature end of file.
2026-08-13 10:49:31,476 [ERROR] LogOutputStream:75 - [STDERR_REDIRECT] 
2026-08-13 10:49:32,479 [ERROR] LogOutputStream:75 - [STDERR_REDIRECT] [Fatal Error] :1:1: Premature end of file.
2026-08-13 10:49:32,479 [ERROR] LogOutputStream:75 - [STDERR_REDIRECT] 
2026-08-13 10:49:33,481 [ERROR] LogOutputStream:75 - [STDERR_REDIRECT] [Fatal Error] :1:1: Premature end of file.
2026-08-13 10:49:33,481 [ERROR] LogOutputStream:75 - [STDERR_REDIRECT] 
2026-08-13 10:49:34,482 [ERROR] LogOutputStream:75 - [STDERR_REDIRECT] [Fatal Error] :1:1: Premature end of file.
2026-08-13 10:49:34,483 [ERROR] LogOutputStream:75 - [STDERR_REDIRECT] 
2026-08-13 10:49:35,484 [ERROR] LogOutputStream:75 - [STDERR_REDIRECT] [Fatal Error] :1:1: Premature end of file.
2026-08-13 10:49:35,484 [ERROR] LogOutputStream:75 - [STDERR_REDIRECT] 
2026-08-13 10:49:36,482 [ERROR] LogOutputStream:75 - [STDERR_REDIRECT] [Fatal Error] :1:1: Premature end of file.
2026-08-13 10:49:36,483 [ERROR] LogOutputStream:75 - [STDERR_REDIRECT] 
2026-08-13 10:49:37,499 [ERROR] LogOutputStream:75 - [STDERR_REDIRECT] [Fatal Error] :1:1: Premature end of file.
2026-08-13 10:49:37,499 [ERROR] LogOutputStream:75 - [STDERR_REDIRECT] 
2026-08-13 10:49:38,498 [ERROR] LogOutputStream:75 - [STDERR_REDIRECT] [Fatal Error] :1:1: Premature end of file.
2026-08-13 10:49:38,499 [ERROR] LogOutputStream:75 - [STDERR_REDIRECT] 
2026-08-13 10:49:39,505 [ERROR] LogOutputStream:75 - [STDERR_REDIRECT] [Fatal Error] :1:1: Premature end of file.
2026-08-13 10:49:39,505 [ERROR] LogOutputStream:75 - [STDERR_REDIRECT] 
2026-08-13 10:49:40,486 [ERROR] LogOutputStream:75 - [STDERR_REDIRECT] [Fatal Error] :1:1: Premature end of file.
2026-08-13 10:49:40,486 [ERROR] LogOutputStream:75 - [STDERR_REDIRECT] 
2026-08-13 10:49:41,476 [ERROR] LogOutputStream:75 - [STDERR_REDIRECT] [Fatal Error] :1:1: Premature end of file.
2026-08-13 10:49:41,476 [ERROR] LogOutputStream:75 - [STDERR_REDIRECT] 
2026-08-13 10:49:42,478 [ERROR] LogOutputStream:75 - [STDERR_REDIRECT] [Fatal Error] :1:1: Premature end of file.
2026-08-13 10:49:42,478 [ERROR] LogOutputStream:75 - [STDERR_REDIRECT] 
2026-08-13 10:49:43,477 [ERROR] LogOutputStream:75 - [STDERR_REDIRECT] [Fatal Error] :1:1: Premature end of file.
2026-08-13 10:49:43,478 [ERROR] LogOutputStream:75 - [STDERR_REDIRECT] 
2026-08-13 10:49:44,475 [ERROR] LogOutputStream:75 - [STDERR_REDIRECT] [Fatal Error] :1:1: Premature end of file.
2026-08-13 10:49:44,476 [ERROR] LogOutputStream:75 - [STDERR_REDIRECT] 
2026-08-13 10:49:45,475 [ERROR] LogOutputStream:75 - [STDERR_REDIRECT] [Fatal Error] :1:1: Premature end of file.
2026-08-13 10:49:45,475 [ERROR] LogOutputStream:75 - [STDERR_REDIRECT] 
2026-08-13 10:49:46,475 [ERROR] LogOutputStream:75 - [STDERR_REDIRECT] [Fatal Error] :1:1: Premature end of file.
2026-08-13 10:49:46,476 [ERROR] LogOutputStream:75 - [STDERR_REDIRECT] 
2026-08-13 10:49:47,477 [ERROR] LogOutputStream:75 - [STDERR_REDIRECT] [Fatal Error] :1:1: Premature end of file.
2026-08-13 10:49:47,477 [ERROR] LogOutputStream:75 - [STDERR_REDIRECT] 
2026-08-13 10:49:48,477 [ERROR] LogOutputStream:75 - [STDERR_REDIRECT] [Fatal Error] :1:1: Premature end of file.
2026-08-13 10:49:48,477 [ERROR] LogOutputStream:75 - [STDERR_REDIRECT] 
2026-08-13 10:49:49,481 [ERROR] LogOutputStream:75 - [STDERR_REDIRECT] [Fatal Error] :1:1: Premature end of file.
2026-08-13 10:49:49,482 [ERROR] LogOutputStream:75 - [STDERR_REDIRECT] 
2026-08-13 10:49:50,480 [ERROR] LogOutputStream:75 - [STDERR_REDIRECT] [Fatal Error] :1:1: Premature end of file.
2026-08-13 10:49:50,480 [ERROR] LogOutputStream:75 - [STDERR_REDIRECT] 
2026-08-13 10:49:51,481 [ERROR] LogOutputStream:75 - [STDERR_REDIRECT] [Fatal Error] :1:1: Premature end of file.
2026-08-13 10:49:51,481 [ERROR] LogOutputStream:75 - [STDERR_REDIRECT] 
2026-08-13 10:49:52,482 [ERROR] LogOutputStream:75 - [STDERR_REDIRECT] [Fatal Error] :1:1: Premature end of file.
2026-08-13 10:49:52,482 [ERROR] LogOutputStream:75 - [STDERR_REDIRECT] 
2026-08-13 10:49:53,479 [ERROR] LogOutputStream:75 - [STDERR_REDIRECT] [Fatal Error] :1:1: Premature end of file.
2026-08-13 10:49:53,479 [ERROR] LogOutputStream:75 - [STDERR_REDIRECT] 
2026-08-13 10:49:54,481 [ERROR] LogOutputStream:75 - [STDERR_REDIRECT] [Fatal Error] :1:1: Premature end of file.
2026-08-13 10:49:54,481 [ERROR] LogOutputStream:75 - [STDERR_REDIRECT] 
2026-08-13 10:49:55,480 [ERROR] LogOutputStream:75 - [STDERR_REDIRECT] [Fatal Error] :1:1: Premature end of file.
2026-08-13 10:49:55,480 [ERROR] LogOutputStream:75 - [STDERR_REDIRECT] 
2026-08-13 10:49:56,477 [ERROR] LogOutputStream:75 - [STDERR_REDIRECT] [Fatal Error] :1:1: Premature end of file.
2026-08-13 10:49:56,478 [ERROR] LogOutputStream:75 - [STDERR_REDIRECT] 
2026-08-13 10:49:57,489 [ERROR] LogOutputStream:75 - [STDERR_REDIRECT] [Fatal Error] :1:1: Premature end of file.
2026-08-13 10:49:57,490 [ERROR] LogOutputStream:75 - [STDERR_REDIRECT] 
2026-08-13 10:49:58,489 [ERROR] LogOutputStream:75 - [STDERR_REDIRECT] [Fatal Error] :1:1: Premature end of file.
2026-08-13 10:49:58,489 [ERROR] LogOutputStream:75 - [STDERR_REDIRECT] 
2026-08-13 10:49:59,489 [ERROR] LogOutputStream:75 - [STDERR_REDIRECT] [Fatal Error] :1:1: Premature end of file.
2026-08-13 10:49:59,489 [ERROR] LogOutputStream:75 - [STDERR_REDIRECT] 
2026-08-13 10:50:00,490 [ERROR] LogOutputStream:75 - [STDERR_REDIRECT] [Fatal Error] :1:1: Premature end of file.
2026-08-13 10:50:00,490 [ERROR] LogOutputStream:75 - [STDERR_REDIRECT] 
2026-08-13 10:50:01,484 [ERROR] LogOutputStream:75 - [STDERR_REDIRECT] [Fatal Error] :1:1: Premature end of file.
2026-08-13 10:50:01,484 [ERROR] LogOutputStream:75 - [STDERR_REDIRECT] 
2026-08-13 10:50:02,483 [ERROR] LogOutputStream:75 - [STDERR_REDIRECT] [Fatal Error] :1:1: Premature end of file.
2026-08-13 10:50:02,483 [ERROR] LogOutputStream:75 - [STDERR_REDIRECT] 
2026-08-13 10:50:03,489 [ERROR] LogOutputStream:75 - [STDERR_REDIRECT] [Fatal Error] :1:1: Premature end of file.
2026-08-13 10:50:03,490 [ERROR] LogOutputStream:75 - [STDERR_REDIRECT] 
2026-08-13 10:50:04,490 [ERROR] LogOutputStream:75 - [STDERR_REDIRECT] [Fatal Error] :1:1: Premature end of file.
2026-08-13 10:50:04,490 [ERROR] LogOutputStream:75 - [STDERR_REDIRECT] 
2026-08-13 10:50:05,486 [ERROR] LogOutputStream:75 - [STDERR_REDIRECT] [Fatal Error] :1:1: Premature end of file.
2026-08-13 10:50:05,486 [ERROR] LogOutputStream:75 - [STDERR_REDIRECT] 
2026-08-13 10:50:06,488 [ERROR] LogOutputStream:75 - [STDERR_REDIRECT] [Fatal Error] :1:1: Premature end of file.
2026-08-13 10:50:06,488 [ERROR] LogOutputStream:75 - [STDERR_REDIRECT] 
2026-08-13 10:50:07,486 [ERROR] LogOutputStream:75 - [STDERR_REDIRECT] [Fatal Error] :1:1: Premature end of file.
2026-08-13 10:50:07,486 [ERROR] LogOutputStream:75 - [STDERR_REDIRECT] 
2026-08-13 10:50:08,485 [ERROR] LogOutputStream:75 - [STDERR_REDIRECT] [Fatal Error] :1:1: Premature end of file.
2026-08-13 10:50:08,486 [ERROR] LogOutputStream:75 - [STDERR_REDIRECT] 
2026-08-13 10:50:09,487 [ERROR] LogOutputStream:75 - [STDERR_REDIRECT] [Fatal Error] :1:1: Premature end of file.
2026-08-13 10:50:09,487 [ERROR] LogOutputStream:75 - [STDERR_REDIRECT] 
2026-08-13 10:50:10,490 [ERROR] LogOutputStream:75 - [STDERR_REDIRECT] [Fatal Error] :1:1: Premature end of file.
2026-08-13 10:50:10,490 [ERROR] LogOutputStream:75 - [STDERR_REDIRECT] 
2026-08-13 10:50:11,483 [ERROR] LogOutputStream:75 - [STDERR_REDIRECT] [Fatal Error] :1:1: Premature end of file.
2026-08-13 10:50:11,483 [ERROR] LogOutputStream:75 - [STDERR_REDIRECT] 
2026-08-13 10:50:12,484 [ERROR] LogOutputStream:75 - [STDERR_REDIRECT] [Fatal Error] :1:1: Premature end of file.
2026-08-13 10:50:12,484 [ERROR] LogOutputStream:75 - [STDERR_REDIRECT] 
2026-08-13 10:50:13,479 [ERROR] LogOutputStream:75 - [STDERR_REDIRECT] [Fatal Error] :1:1: Premature end of file.
2026-08-13 10:50:13,480 [ERROR] LogOutputStream:75 - [STDERR_REDIRECT] 
2026-08-13 10:50:14,478 [ERROR] LogOutputStream:75 - [STDERR_REDIRECT] [Fatal Error] :1:1: Premature end of file.
2026-08-13 10:50:14,479 [ERROR] LogOutputStream:75 - [STDERR_REDIRECT] 
2026-08-13 10:50:15,479 [ERROR] LogOutputStream:75 - [STDERR_REDIRECT] [Fatal Error] :1:1: Premature end of file.
2026-08-13 10:50:15,479 [ERROR] LogOutputStream:75 - [STDERR_REDIRECT] 
2026-08-13 10:50:16,492 [ERROR] LogOutputStream:75 - [STDERR_REDIRECT] [Fatal Error] :1:1: Premature end of file.
2026-08-13 10:50:16,492 [ERROR] LogOutputStream:75 - [STDERR_REDIRECT] 
2026-08-13 10:50:17,476 [ERROR] LogOutputStream:75 - [STDERR_REDIRECT] [Fatal Error] :1:1: Premature end of file.
2026-08-13 10:50:17,476 [ERROR] LogOutputStream:75 - [STDERR_REDIRECT] 
2026-08-13 10:50:18,499 [ERROR] LogOutputStream:75 - [STDERR_REDIRECT] [Fatal Error] :1:1: Premature end of file.
2026-08-13 10:50:18,499 [ERROR] LogOutputStream:75 - [STDERR_REDIRECT] 
2026-08-13 10:50:19,485 [ERROR] LogOutputStream:75 - [STDERR_REDIRECT] [Fatal Error] :1:1: Premature end of file.
2026-08-13 10:50:19,485 [ERROR] LogOutputStream:75 - [STDERR_REDIRECT] 
2026-08-13 10:50:20,474 [ERROR] LogOutputStream:75 - [STDERR_REDIRECT] [Fatal Error] :1:1: Premature end of file.
2026-08-13 10:50:20,474 [ERROR] LogOutputStream:75 - [STDERR_REDIRECT] 
2026-08-13 10:50:21,477 [ERROR] LogOutputStream:75 - [STDERR_REDIRECT] [Fatal Error] :1:1: Premature end of file.
2026-08-13 10:50:21,477 [ERROR] LogOutputStream:75 - [STDERR_REDIRECT] 
2026-08-13 10:50:22,479 [ERROR] LogOutputStream:75 - [STDERR_REDIRECT] [Fatal Error] :1:1: Premature end of file.
2026-08-13 10:50:22,479 [ERROR] LogOutputStream:75 - [STDERR_REDIRECT] 
2026-08-13 10:50:23,521 [ERROR] LogOutputStream:75 - [STDERR_REDIRECT] [Fatal Error] :1:1: Premature end of file.
2026-08-13 10:50:23,521 [ERROR] LogOutputStream:75 - [STDERR_REDIRECT] 
2026-08-13 10:50:24,476 [ERROR] LogOutputStream:75 - [STDERR_REDIRECT] [Fatal Error] :1:1: Premature end of file.
2026-08-13 10:50:24,476 [ERROR] LogOutputStream:75 - [STDERR_REDIRECT] 
2026-08-13 10:50:25,477 [ERROR] LogOutputStream:75 - [STDERR_REDIRECT] [Fatal Error] :1:1: Premature end of file.
2026-08-13 10:50:25,477 [ERROR] LogOutputStream:75 - [STDERR_REDIRECT] 
2026-08-13 10:50:26,476 [ERROR] LogOutputStream:75 - [STDERR_REDIRECT] [Fatal Error] :1:1: Premature end of file.
2026-08-13 10:50:26,476 [ERROR] LogOutputStream:75 - [STDERR_REDIRECT] 
2026-08-13 10:50:27,476 [ERROR] LogOutputStream:75 - [STDERR_REDIRECT] [Fatal Error] :1:1: Premature end of file.
2026-08-13 10:50:27,476 [ERROR] LogOutputStream:75 - [STDERR_REDIRECT] 
2026-08-13 10:50:28,475 [ERROR] LogOutputStream:75 - [STDERR_REDIRECT] [Fatal Error] :1:1: Premature end of file.
2026-08-13 10:50:28,475 [ERROR] LogOutputStream:75 - [STDERR_REDIRECT] 
2026-08-13 10:50:29,475 [ERROR] LogOutputStream:75 - [STDERR_REDIRECT] [Fatal Error] :1:1: Premature end of file.
2026-08-13 10:50:29,475 [ERROR] LogOutputStream:75 - [STDERR_REDIRECT] 
2026-08-13 10:50:30,476 [ERROR] LogOutputStream:75 - [STDERR_REDIRECT] [Fatal Error] :1:1: Premature end of file.
2026-08-13 10:50:30,476 [ERROR] LogOutputStream:75 - [STDERR_REDIRECT] 
2026-08-13 10:50:31,478 [ERROR] LogOutputStream:75 - [STDERR_REDIRECT] [Fatal Error] :1:1: Premature end of file.
2026-08-13 10:50:31,478 [ERROR] LogOutputStream:75 - [STDERR_REDIRECT] 
2026-08-13 10:50:32,496 [ERROR] LogOutputStream:75 - [STDERR_REDIRECT] [Fatal Error] :1:1: Premature end of file.
2026-08-13 10:50:32,496 [ERROR] LogOutputStream:75 - [STDERR_REDIRECT] 
2026-08-13 10:50:33,486 [ERROR] LogOutputStream:75 - [STDERR_REDIRECT] [Fatal Error] :1:1: Premature end of file.
2026-08-13 10:50:33,486 [ERROR] LogOutputStream:75 - [STDERR_REDIRECT] 
2026-08-13 10:50:34,484 [ERROR] LogOutputStream:75 - [STDERR_REDIRECT] [Fatal Error] :1:1: Premature end of file.
2026-08-13 10:50:34,484 [ERROR] LogOutputStream:75 - [STDERR_REDIRECT] 
2026-08-13 10:50:35,479 [ERROR] LogOutputStream:75 - [STDERR_REDIRECT] [Fatal Error] :1:1: Premature end of file.
2026-08-13 10:50:35,479 [ERROR] LogOutputStream:75 - [STDERR_REDIRECT] 
2026-08-13 10:50:36,482 [ERROR] LogOutputStream:75 - [STDERR_REDIRECT] [Fatal Error] :1:1: Premature end of file.
2026-08-13 10:50:36,482 [ERROR] LogOutputStream:75 - [STDERR_REDIRECT] 
2026-08-13 10:50:37,479 [ERROR] LogOutputStream:75 - [STDERR_REDIRECT] [Fatal Error] :1:1: Premature end of file.
2026-08-13 10:50:37,480 [ERROR] LogOutputStream:75 - [STDERR_REDIRECT] 
2026-08-13 10:50:38,479 [ERROR] LogOutputStream:75 - [STDERR_REDIRECT] [Fatal Error] :1:1: Premature end of file.
2026-08-13 10:50:38,480 [ERROR] LogOutputStream:75 - [STDERR_REDIRECT] 
2026-08-13 10:50:39,488 [ERROR] LogOutputStream:75 - [STDERR_REDIRECT] [Fatal Error] :1:1: Premature end of file.
2026-08-13 10:50:39,488 [ERROR] LogOutputStream:75 - [STDERR_REDIRECT] 
2026-08-13 10:50:40,485 [ERROR] LogOutputStream:75 - [STDERR_REDIRECT] [Fatal Error] :1:1: Premature end of file.
2026-08-13 10:50:40,485 [ERROR] LogOutputStream:75 - [STDERR_REDIRECT] 
2026-08-13 10:50:41,487 [ERROR] LogOutputStream:75 - [STDERR_REDIRECT] [Fatal Error] :1:1: Premature end of file.
2026-08-13 10:50:41,487 [ERROR] LogOutputStream:75 - [STDERR_REDIRECT] 
2026-08-13 10:50:42,486 [ERROR] LogOutputStream:75 - [STDERR_REDIRECT] [Fatal Error] :1:1: Premature end of file.
2026-08-13 10:50:42,486 [ERROR] LogOutputStream:75 - [STDERR_REDIRECT] 
2026-08-13 10:50:43,484 [ERROR] LogOutputStream:75 - [STDERR_REDIRECT] [Fatal Error] :1:1: Premature end of file.
2026-08-13 10:50:43,484 [ERROR] LogOutputStream:75 - [STDERR_REDIRECT] 
2026-08-13 10:50:44,485 [ERROR] LogOutputStream:75 - [STDERR_REDIRECT] [Fatal Error] :1:1: Premature end of file.
2026-08-13 10:50:44,485 [ERROR] LogOutputStream:75 - [STDERR_REDIRECT] 
2026-08-13 10:50:45,483 [ERROR] LogOutputStream:75 - [STDERR_REDIRECT] [Fatal Error] :1:1: Premature end of file.
2026-08-13 10:50:45,483 [ERROR] LogOutputStream:75 - [STDERR_REDIRECT] 
2026-08-13 10:50:46,482 [ERROR] LogOutputStream:75 - [STDERR_REDIRECT] [Fatal Error] :1:1: Premature end of file.
2026-08-13 10:50:46,482 [ERROR] LogOutputStream:75 - [STDERR_REDIRECT] 
2026-08-13 10:50:47,481 [ERROR] LogOutputStream:75 - [STDERR_REDIRECT] [Fatal Error] :1:1: Premature end of file.
2026-08-13 10:50:47,481 [ERROR] LogOutputStream:75 - [STDERR_REDIRECT] 
2026-08-13 10:50:48,481 [ERROR] LogOutputStream:75 - [STDERR_REDIRECT] [Fatal Error] :1:1: Premature end of file.
2026-08-13 10:50:48,482 [ERROR] LogOutputStream:75 - [STDERR_REDIRECT] 
2026-08-13 10:50:49,485 [ERROR] LogOutputStream:75 - [STDERR_REDIRECT] [Fatal Error] :1:1: Premature end of file.
2026-08-13 10:50:49,485 [ERROR] LogOutputStream:75 - [STDERR_REDIRECT] 
2026-08-13 10:50:50,476 [ERROR] LogOutputStream:75 - [STDERR_REDIRECT] [Fatal Error] :1:1: Premature end of file.
2026-08-13 10:50:50,476 [ERROR] LogOutputStream:75 - [STDERR_REDIRECT] 
2026-08-13 10:50:51,491 [ERROR] LogOutputStream:75 - [STDERR_REDIRECT] [Fatal Error] :1:1: Premature end of file.
2026-08-13 10:50:51,491 [ERROR] LogOutputStream:75 - [STDERR_REDIRECT] 
2026-08-13 10:50:52,488 [ERROR] LogOutputStream:75 - [STDERR_REDIRECT] [Fatal Error] :1:1: Premature end of file.
2026-08-13 10:50:52,488 [ERROR] LogOutputStream:75 - [STDERR_REDIRECT] 
2026-08-13 10:50:53,486 [ERROR] LogOutputStream:75 - [STDERR_REDIRECT] [Fatal Error] :1:1: Premature end of file.
2026-08-13 10:50:53,486 [ERROR] LogOutputStream:75 - [STDERR_REDIRECT] 
2026-08-13 10:50:54,475 [ERROR] LogOutputStream:75 - [STDERR_REDIRECT] [Fatal Error] :1:1: Premature end of file.
2026-08-13 10:50:54,475 [ERROR] LogOutputStream:75 - [STDERR_REDIRECT] 
2026-08-13 10:50:55,477 [ERROR] LogOutputStream:75 - [STDERR_REDIRECT] [Fatal Error] :1:1: Premature end of file.
2026-08-13 10:50:55,477 [ERROR] LogOutputStream:75 - [STDERR_REDIRECT] 
2026-08-13 10:50:56,477 [ERROR] LogOutputStream:75 - [STDERR_REDIRECT] [Fatal Error] :1:1: Premature end of file.
2026-08-13 10:50:56,477 [ERROR] LogOutputStream:75 - [STDERR_REDIRECT] 
2026-08-13 10:50:57,478 [ERROR] LogOutputStream:75 - [STDERR_REDIRECT] [Fatal Error] :1:1: Premature end of file.
2026-08-13 10:50:57,478 [ERROR] LogOutputStream:75 - [STDERR_REDIRECT] 
2026-08-13 10:50:58,476 [ERROR] LogOutputStream:75 - [STDERR_REDIRECT] [Fatal Error] :1:1: Premature end of file.
2026-08-13 10:50:58,476 [ERROR] LogOutputStream:75 - [STDERR_REDIRECT] 
2026-08-13 10:50:59,476 [ERROR] LogOutputStream:75 - [STDERR_REDIRECT] [Fatal Error] :1:1: Premature end of file.
2026-08-13 10:50:59,476 [ERROR] LogOutputStream:75 - [STDERR_REDIRECT] 
2026-08-13 10:51:00,475 [ERROR] LogOutputStream:75 - [STDERR_REDIRECT] [Fatal Error] :1:1: Premature end of file.
2026-08-13 10:51:00,475 [ERROR] LogOutputStream:75 - [STDERR_REDIRECT] 
2026-08-13 10:51:01,475 [ERROR] LogOutputStream:75 - [STDERR_REDIRECT] [Fatal Error] :1:1: Premature end of file.
2026-08-13 10:51:01,475 [ERROR] LogOutputStream:75 - [STDERR_REDIRECT] 
2026-08-13 10:51:02,477 [ERROR] LogOutputStream:75 - [STDERR_REDIRECT] [Fatal Error] :1:1: Premature end of file.
2026-08-13 10:51:02,477 [ERROR] LogOutputStream:75 - [STDERR_REDIRECT] 
2026-08-13 10:51:03,478 [ERROR] LogOutputStream:75 - [STDERR_REDIRECT] [Fatal Error] :1:1: Premature end of file.
2026-08-13 10:51:03,478 [ERROR] LogOutputStream:75 - [STDERR_REDIRECT] 
2026-08-13 10:51:04,478 [ERROR] LogOutputStream:75 - [STDERR_REDIRECT] [Fatal Error] :1:1: Premature end of file.
2026-08-13 10:51:04,478 [ERROR] LogOutputStream:75 - [STDERR_REDIRECT] 
2026-08-13 10:51:05,480 [ERROR] LogOutputStream:75 - [STDERR_REDIRECT] [Fatal Error] :1:1: Premature end of file.
2026-08-13 10:51:05,480 [ERROR] LogOutputStream:75 - [STDERR_REDIRECT] 
2026-08-13 10:51:06,479 [ERROR] LogOutputStream:75 - [STDERR_REDIRECT] [Fatal Error] :1:1: Premature end of file.
2026-08-13 10:51:06,479 [ERROR] LogOutputStream:75 - [STDERR_REDIRECT] 
2026-08-13 10:51:07,482 [ERROR] LogOutputStream:75 - [STDERR_REDIRECT] [Fatal Error] :1:1: Premature end of file.
2026-08-13 10:51:07,482 [ERROR] LogOutputStream:75 - [STDERR_REDIRECT] 
2026-08-13 10:51:08,480 [ERROR] LogOutputStream:75 - [STDERR_REDIRECT] [Fatal Error] :1:1: Premature end of file.
2026-08-13 10:51:08,480 [ERROR] LogOutputStream:75 - [STDERR_REDIRECT] 
2026-08-13 10:51:09,477 [ERROR] LogOutputStream:75 - [STDERR_REDIRECT] [Fatal Error] :1:1: Premature end of file.
2026-08-13 10:51:09,477 [ERROR] LogOutputStream:75 - [STDERR_REDIRECT] 
2026-08-13 10:51:10,478 [ERROR] LogOutputStream:75 - [STDERR_REDIRECT] [Fatal Error] :1:1: Premature end of file.
2026-08-13 10:51:10,478 [ERROR] LogOutputStream:75 - [STDERR_REDIRECT] 
2026-08-13 10:51:11,477 [ERROR] LogOutputStream:75 - [STDERR_REDIRECT] [Fatal Error] :1:1: Premature end of file.
2026-08-13 10:51:11,477 [ERROR] LogOutputStream:75 - [STDERR_REDIRECT] 
2026-08-13 10:51:12,476 [ERROR] LogOutputStream:75 - [STDERR_REDIRECT] [Fatal Error] :1:1: Premature end of file.
2026-08-13 10:51:12,477 [ERROR] LogOutputStream:75 - [STDERR_REDIRECT] 
2026-08-13 10:51:13,478 [ERROR] LogOutputStream:75 - [STDERR_REDIRECT] [Fatal Error] :1:1: Premature end of file.
2026-08-13 10:51:13,478 [ERROR] LogOutputStream:75 - [STDERR_REDIRECT] 
2026-08-13 10:51:14,478 [ERROR] LogOutputStream:75 - [STDERR_REDIRECT] [Fatal Error] :1:1: Premature end of file.
2026-08-13 10:51:14,478 [ERROR] LogOutputStream:75 - [STDERR_REDIRECT] 
2026-08-13 10:51:15,480 [ERROR] LogOutputStream:75 - [STDERR_REDIRECT] [Fatal Error] :1:1: Premature end of file.
2026-08-13 10:51:15,481 [ERROR] LogOutputStream:75 - [STDERR_REDIRECT] 
2026-08-13 10:51:16,484 [ERROR] LogOutputStream:75 - [STDERR_REDIRECT] [Fatal Error] :1:1: Premature end of file.
2026-08-13 10:51:16,484 [ERROR] LogOutputStream:75 - [STDERR_REDIRECT] 
2026-08-13 10:51:17,481 [ERROR] LogOutputStream:75 - [STDERR_REDIRECT] [Fatal Error] :1:1: Premature end of file.
2026-08-13 10:51:17,482 [ERROR] LogOutputStream:75 - [STDERR_REDIRECT] 
2026-08-13 10:51:18,484 [ERROR] LogOutputStream:75 - [STDERR_REDIRECT] [Fatal Error] :1:1: Premature end of file.
2026-08-13 10:51:18,484 [ERROR] LogOutputStream:75 - [STDERR_REDIRECT] 
2026-08-13 10:51:19,483 [ERROR] LogOutputStream:75 - [STDERR_REDIRECT] [Fatal Error] :1:1: Premature end of file.
2026-08-13 10:51:19,483 [ERROR] LogOutputStream:75 - [STDERR_REDIRECT] 
2026-08-13 10:51:20,489 [ERROR] LogOutputStream:75 - [STDERR_REDIRECT] [Fatal Error] :1:1: Premature end of file.
2026-08-13 10:51:20,489 [ERROR] LogOutputStream:75 - [STDERR_REDIRECT] 
2026-08-13 10:51:21,485 [ERROR] LogOutputStream:75 - [STDERR_REDIRECT] [Fatal Error] :1:1: Premature end of file.
2026-08-13 10:51:21,485 [ERROR] LogOutputStream:75 - [STDERR_REDIRECT] 
2026-08-13 10:51:22,491 [ERROR] LogOutputStream:75 - [STDERR_REDIRECT] [Fatal Error] :1:1: Premature end of file.
2026-08-13 10:51:22,491 [ERROR] LogOutputStream:75 - [STDERR_REDIRECT] 
2026-08-13 10:51:23,491 [ERROR] LogOutputStream:75 - [STDERR_REDIRECT] [Fatal Error] :1:1: Premature end of file.
2026-08-13 10:51:23,491 [ERROR] LogOutputStream:75 - [STDERR_REDIRECT] 
2026-08-13 10:51:24,486 [ERROR] LogOutputStream:75 - [STDERR_REDIRECT] [Fatal Error] :1:1: Premature end of file.
2026-08-13 10:51:24,487 [ERROR] LogOutputStream:75 - [STDERR_REDIRECT] 
2026-08-13 10:51:25,485 [ERROR] LogOutputStream:75 - [STDERR_REDIRECT] [Fatal Error] :1:1: Premature end of file.
2026-08-13 10:51:25,485 [ERROR] LogOutputStream:75 - [STDERR_REDIRECT] 
2026-08-13 10:51:26,487 [ERROR] LogOutputStream:75 - [STDERR_REDIRECT] [Fatal Error] :1:1: Premature end of file.
2026-08-13 10:51:26,487 [ERROR] LogOutputStream:75 - [STDERR_REDIRECT] 
2026-08-13 10:51:27,487 [ERROR] LogOutputStream:75 - [STDERR_REDIRECT] [Fatal Error] :1:1: Premature end of file.
2026-08-13 10:51:27,487 [ERROR] LogOutputStream:75 - [STDERR_REDIRECT] 
2026-08-13 10:51:28,490 [ERROR] LogOutputStream:75 - [STDERR_REDIRECT] [Fatal Error] :1:1: Premature end of file.
2026-08-13 10:51:28,490 [ERROR] LogOutputStream:75 - [STDERR_REDIRECT] 
2026-08-13 10:51:29,477 [ERROR] LogOutputStream:75 - [STDERR_REDIRECT] [Fatal Error] :1:1: Premature end of file.
2026-08-13 10:51:29,477 [ERROR] LogOutputStream:75 - [STDERR_REDIRECT] 
2026-08-13 10:51:30,482 [ERROR] LogOutputStream:75 - [STDERR_REDIRECT] [Fatal Error] :1:1: Premature end of file.
2026-08-13 10:51:30,482 [ERROR] LogOutputStream:75 - [STDERR_REDIRECT] 
2026-08-13 10:51:31,477 [ERROR] LogOutputStream:75 - [STDERR_REDIRECT] [Fatal Error] :1:1: Premature end of file.
2026-08-13 10:51:31,477 [ERROR] LogOutputStream:75 - [STDERR_REDIRECT] 
2026-08-13 10:51:32,478 [ERROR] LogOutputStream:75 - [STDERR_REDIRECT] [Fatal Error] :1:1: Premature end of file.
2026-08-13 10:51:32,478 [ERROR] LogOutputStream:75 - [STDERR_REDIRECT] 
2026-08-13 10:51:33,482 [ERROR] LogOutputStream:75 - [STDERR_REDIRECT] [Fatal Error] :1:1: Premature end of file.
2026-08-13 10:51:33,482 [ERROR] LogOutputStream:75 - [STDERR_REDIRECT] 
2026-08-13 10:51:34,481 [ERROR] LogOutputStream:75 - [STDERR_REDIRECT] [Fatal Error] :1:1: Premature end of file.
2026-08-13 10:51:34,481 [ERROR] LogOutputStream:75 - [STDERR_REDIRECT] 
2026-08-13 10:51:35,484 [ERROR] LogOutputStream:75 - [STDERR_REDIRECT] [Fatal Error] :1:1: Premature end of file.
2026-08-13 10:51:35,484 [ERROR] LogOutputStream:75 - [STDERR_REDIRECT] 
2026-08-13 10:51:36,483 [ERROR] LogOutputStream:75 - [STDERR_REDIRECT] [Fatal Error] :1:1: Premature end of file.
2026-08-13 10:51:36,483 [ERROR] LogOutputStream:75 - [STDERR_REDIRECT] 
2026-08-13 10:51:37,487 [ERROR] LogOutputStream:75 - [STDERR_REDIRECT] [Fatal Error] :1:1: Premature end of file.
2026-08-13 10:51:37,487 [ERROR] LogOutputStream:75 - [STDERR_REDIRECT] 
2026-08-13 10:51:38,504 [ERROR] LogOutputStream:75 - [STDERR_REDIRECT] [Fatal Error] :1:1: Premature end of file.
2026-08-13 10:51:38,505 [ERROR] LogOutputStream:75 - [STDERR_REDIRECT] 
2026-08-13 10:51:39,488 [ERROR] LogOutputStream:75 - [STDERR_REDIRECT] [Fatal Error] :1:1: Premature end of file.
2026-08-13 10:51:39,488 [ERROR] LogOutputStream:75 - [STDERR_REDIRECT] 
2026-08-13 10:51:40,488 [ERROR] LogOutputStream:75 - [STDERR_REDIRECT] [Fatal Error] :1:1: Premature end of file.
2026-08-13 10:51:40,488 [ERROR] LogOutputStream:75 - [STDERR_REDIRECT] 
2026-08-13 10:51:41,486 [ERROR] LogOutputStream:75 - [STDERR_REDIRECT] [Fatal Error] :1:1: Premature end of file.
2026-08-13 10:51:41,486 [ERROR] LogOutputStream:75 - [STDERR_REDIRECT] 
2026-08-13 10:51:42,485 [ERROR] LogOutputStream:75 - [STDERR_REDIRECT] [Fatal Error] :1:1: Premature end of file.
2026-08-13 10:51:42,485 [ERROR] LogOutputStream:75 - [STDERR_REDIRECT] 
2026-08-13 10:51:43,479 [ERROR] LogOutputStream:75 - [STDERR_REDIRECT] [Fatal Error] :1:1: Premature end of file.
2026-08-13 10:51:43,479 [ERROR] LogOutputStream:75 - [STDERR_REDIRECT] 
2026-08-13 10:51:44,491 [ERROR] LogOutputStream:75 - [STDERR_REDIRECT] [Fatal Error] :1:1: Premature end of file.
2026-08-13 10:51:44,491 [ERROR] LogOutputStream:75 - [STDERR_REDIRECT] 
2026-08-13 10:51:45,489 [ERROR] LogOutputStream:75 - [STDERR_REDIRECT] [Fatal Error] :1:1: Premature end of file.
2026-08-13 10:51:45,489 [ERROR] LogOutputStream:75 - [STDERR_REDIRECT] 
2026-08-13 10:51:46,490 [ERROR] LogOutputStream:75 - [STDERR_REDIRECT] [Fatal Error] :1:1: Premature end of file.
2026-08-13 10:51:46,490 [ERROR] LogOutputStream:75 - [STDERR_REDIRECT] 
2026-08-13 10:51:47,486 [ERROR] LogOutputStream:75 - [STDERR_REDIRECT] [Fatal Error] :1:1: Premature end of file.
2026-08-13 10:51:47,486 [ERROR] LogOutputStream:75 - [STDERR_REDIRECT] 
2026-08-13 10:51:48,486 [ERROR] LogOutputStream:75 - [STDERR_REDIRECT] [Fatal Error] :1:1: Premature end of file.
2026-08-13 10:51:48,486 [ERROR] LogOutputStream:75 - [STDERR_REDIRECT] 
2026-08-13 10:51:49,486 [ERROR] LogOutputStream:75 - [STDERR_REDIRECT] [Fatal Error] :1:1: Premature end of file.
2026-08-13 10:51:49,486 [ERROR] LogOutputStream:75 - [STDERR_REDIRECT] 
2026-08-13 10:51:50,483 [ERROR] LogOutputStream:75 - [STDERR_REDIRECT] [Fatal Error] :1:1: Premature end of file.
2026-08-13 10:51:50,483 [ERROR] LogOutputStream:75 - [STDERR_REDIRECT] 
2026-08-13 10:51:51,487 [ERROR] LogOutputStream:75 - [STDERR_REDIRECT] [Fatal Error] :1:1: Premature end of file.
2026-08-13 10:51:51,487 [ERROR] LogOutputStream:75 - [STDERR_REDIRECT] 
2026-08-13 10:51:52,484 [ERROR] LogOutputStream:75 - [STDERR_REDIRECT] [Fatal Error] :1:1: Premature end of file.
2026-08-13 10:51:52,484 [ERROR] LogOutputStream:75 - [STDERR_REDIRECT] 
2026-08-13 10:51:53,484 [ERROR] LogOutputStream:75 - [STDERR_REDIRECT] [Fatal Error] :1:1: Premature end of file.
2026-08-13 10:51:53,484 [ERROR] LogOutputStream:75 - [STDERR_REDIRECT] 
2026-08-13 10:51:54,483 [ERROR] LogOutputStream:75 - [STDERR_REDIRECT] [Fatal Error] :1:1: Premature end of file.
2026-08-13 10:51:54,483 [ERROR] LogOutputStream:75 - [STDERR_REDIRECT] 
2026-08-13 10:51:55,485 [ERROR] LogOutputStream:75 - [STDERR_REDIRECT] [Fatal Error] :1:1: Premature end of file.
2026-08-13 10:51:55,485 [ERROR] LogOutputStream:75 - [STDERR_REDIRECT] 
2026-08-13 10:51:56,488 [ERROR] LogOutputStream:75 - [STDERR_REDIRECT] [Fatal Error] :1:1: Premature end of file.
2026-08-13 10:51:56,488 [ERROR] LogOutputStream:75 - [STDERR_REDIRECT] 
2026-08-13 10:51:57,484 [ERROR] LogOutputStream:75 - [STDERR_REDIRECT] [Fatal Error] :1:1: Premature end of file.
2026-08-13 10:51:57,484 [ERROR] LogOutputStream:75 - [STDERR_REDIRECT] 
2026-08-13 10:51:58,484 [ERROR] LogOutputStream:75 - [STDERR_REDIRECT] [Fatal Error] :1:1: Premature end of file.
2026-08-13 10:51:58,484 [ERROR] LogOutputStream:75 - [STDERR_REDIRECT] 
2026-08-13 10:51:59,481 [ERROR] LogOutputStream:75 - [STDERR_REDIRECT] [Fatal Error] :1:1: Premature end of file.
2026-08-13 10:51:59,481 [ERROR] LogOutputStream:75 - [STDERR_REDIRECT] 
2026-08-13 10:52:00,481 [ERROR] LogOutputStream:75 - [STDERR_REDIRECT] [Fatal Error] :1:1: Premature end of file.
2026-08-13 10:52:00,481 [ERROR] LogOutputStream:75 - [STDERR_REDIRECT] 
2026-08-13 10:52:01,490 [ERROR] LogOutputStream:75 - [STDERR_REDIRECT] [Fatal Error] :1:1: Premature end of file.
2026-08-13 10:52:01,490 [ERROR] LogOutputStream:75 - [STDERR_REDIRECT] 
2026-08-13 10:52:02,476 [ERROR] LogOutputStream:75 - [STDERR_REDIRECT] [Fatal Error] :1:1: Premature end of file.
2026-08-13 10:52:02,476 [ERROR] LogOutputStream:75 - [STDERR_REDIRECT] 
2026-08-13 10:52:03,490 [ERROR] LogOutputStream:75 - [STDERR_REDIRECT] [Fatal Error] :1:1: Premature end of file.
2026-08-13 10:52:03,490 [ERROR] LogOutputStream:75 - [STDERR_REDIRECT] 
2026-08-13 10:52:04,487 [ERROR] LogOutputStream:75 - [STDERR_REDIRECT] [Fatal Error] :1:1: Premature end of file.
2026-08-13 10:52:04,488 [ERROR] LogOutputStream:75 - [STDERR_REDIRECT] 
2026-08-13 10:52:05,487 [ERROR] LogOutputStream:75 - [STDERR_REDIRECT] [Fatal Error] :1:1: Premature end of file.
2026-08-13 10:52:05,487 [ERROR] LogOutputStream:75 - [STDERR_REDIRECT] 
2026-08-13 10:52:06,488 [ERROR] LogOutputStream:75 - [STDERR_REDIRECT] [Fatal Error] :1:1: Premature end of file.
2026-08-13 10:52:06,488 [ERROR] LogOutputStream:75 - [STDERR_REDIRECT] 
2026-08-13 10:52:07,485 [ERROR] LogOutputStream:75 - [STDERR_REDIRECT] [Fatal Error] :1:1: Premature end of file.
2026-08-13 10:52:07,485 [ERROR] LogOutputStream:75 - [STDERR_REDIRECT] 
2026-08-13 10:52:08,490 [ERROR] LogOutputStream:75 - [STDERR_REDIRECT] [Fatal Error] :1:1: Premature end of file.
2026-08-13 10:52:08,490 [ERROR] LogOutputStream:75 - [STDERR_REDIRECT] 
2026-08-13 10:52:09,485 [ERROR] LogOutputStream:75 - [STDERR_REDIRECT] [Fatal Error] :1:1: Premature end of file.
2026-08-13 10:52:09,485 [ERROR] LogOutputStream:75 - [STDERR_REDIRECT] 
2026-08-13 10:52:10,486 [ERROR] LogOutputStream:75 - [STDERR_REDIRECT] [Fatal Error] :1:1: Premature end of file.
2026-08-13 10:52:10,486 [ERROR] LogOutputStream:75 - [STDERR_REDIRECT] 
2026-08-13 10:52:11,485 [ERROR] LogOutputStream:75 - [STDERR_REDIRECT] [Fatal Error] :1:1: Premature end of file.
2026-08-13 10:52:11,485 [ERROR] LogOutputStream:75 - [STDERR_REDIRECT] 
2026-08-13 10:52:12,485 [ERROR] LogOutputStream:75 - [STDERR_REDIRECT] [Fatal Error] :1:1: Premature end of file.
2026-08-13 10:52:12,485 [ERROR] LogOutputStream:75 - [STDERR_REDIRECT] 
2026-08-13 10:52:13,482 [ERROR] LogOutputStream:75 - [STDERR_REDIRECT] [Fatal Error] :1:1: Premature end of file.
2026-08-13 10:52:13,482 [ERROR] LogOutputStream:75 - [STDERR_REDIRECT] 
2026-08-13 10:52:14,475 [ERROR] LogOutputStream:75 - [STDERR_REDIRECT] [Fatal Error] :1:1: Premature end of file.
2026-08-13 10:52:14,476 [ERROR] LogOutputStream:75 - [STDERR_REDIRECT] 
2026-08-13 10:52:15,474 [ERROR] LogOutputStream:75 - [STDERR_REDIRECT] [Fatal Error] :1:1: Premature end of file.
2026-08-13 10:52:15,474 [ERROR] LogOutputStream:75 - [STDERR_REDIRECT] 
2026-08-13 10:52:16,485 [ERROR] LogOutputStream:75 - [STDERR_REDIRECT] [Fatal Error] :1:1: Premature end of file.
2026-08-13 10:52:16,485 [ERROR] LogOutputStream:75 - [STDERR_REDIRECT] 
2026-08-13 10:52:17,486 [ERROR] LogOutputStream:75 - [STDERR_REDIRECT] [Fatal Error] :1:1: Premature end of file.
2026-08-13 10:52:17,486 [ERROR] LogOutputStream:75 - [STDERR_REDIRECT] 
2026-08-13 10:52:18,479 [ERROR] LogOutputStream:75 - [STDERR_REDIRECT] [Fatal Error] :1:1: Premature end of file.
2026-08-13 10:52:18,479 [ERROR] LogOutputStream:75 - [STDERR_REDIRECT] 
2026-08-13 10:52:19,475 [ERROR] LogOutputStream:75 - [STDERR_REDIRECT] [Fatal Error] :1:1: Premature end of file.
2026-08-13 10:52:19,475 [ERROR] LogOutputStream:75 - [STDERR_REDIRECT] 
2026-08-13 10:52:20,476 [ERROR] LogOutputStream:75 - [STDERR_REDIRECT] [Fatal Error] :1:1: Premature end of file.
2026-08-13 10:52:20,476 [ERROR] LogOutputStream:75 - [STDERR_REDIRECT] 
2026-08-13 10:52:21,474 [ERROR] LogOutputStream:75 - [STDERR_REDIRECT] [Fatal Error] :1:1: Premature end of file.
2026-08-13 10:52:21,474 [ERROR] LogOutputStream:75 - [STDERR_REDIRECT] 
2026-08-13 10:52:22,474 [ERROR] LogOutputStream:75 - [STDERR_REDIRECT] [Fatal Error] :1:1: Premature end of file.
2026-08-13 10:52:22,475 [ERROR] LogOutputStream:75 - [STDERR_REDIRECT] 
2026-08-13 10:52:23,477 [ERROR] LogOutputStream:75 - [STDERR_REDIRECT] [Fatal Error] :1:1: Premature end of file.
2026-08-13 10:52:23,477 [ERROR] LogOutputStream:75 - [STDERR_REDIRECT] 
2026-08-13 10:52:24,474 [ERROR] LogOutputStream:75 - [STDERR_REDIRECT] [Fatal Error] :1:1: Premature end of file.
2026-08-13 10:52:24,474 [ERROR] LogOutputStream:75 - [STDERR_REDIRECT] 
2026-08-13 10:52:25,476 [ERROR] LogOutputStream:75 - [STDERR_REDIRECT] [Fatal Error] :1:1: Premature end of file.
2026-08-13 10:52:25,476 [ERROR] LogOutputStream:75 - [STDERR_REDIRECT] 
2026-08-13 10:52:26,478 [ERROR] LogOutputStream:75 - [STDERR_REDIRECT] [Fatal Error] :1:1: Premature end of file.
2026-08-13 10:52:26,478 [ERROR] LogOutputStream:75 - [STDERR_REDIRECT] 
2026-08-13 10:52:27,476 [ERROR] LogOutputStream:75 - [STDERR_REDIRECT] [Fatal Error] :1:1: Premature end of file.
2026-08-13 10:52:27,476 [ERROR] LogOutputStream:75 - [STDERR_REDIRECT] 
2026-08-13 10:52:28,479 [ERROR] LogOutputStream:75 - [STDERR_REDIRECT] [Fatal Error] :1:1: Premature end of file.
2026-08-13 10:52:28,479 [ERROR] LogOutputStream:75 - [STDERR_REDIRECT] 
2026-08-13 10:52:29,505 [ERROR] LogOutputStream:75 - [STDERR_REDIRECT] [Fatal Error] :1:1: Premature end of file.
2026-08-13 10:52:29,506 [ERROR] LogOutputStream:75 - [STDERR_REDIRECT] 
2026-08-13 10:52:30,484 [ERROR] LogOutputStream:75 - [STDERR_REDIRECT] [Fatal Error] :1:1: Premature end of file.
2026-08-13 10:52:30,484 [ERROR] LogOutputStream:75 - [STDERR_REDIRECT] 
2026-08-13 10:52:31,476 [ERROR] LogOutputStream:75 - [STDERR_REDIRECT] [Fatal Error] :1:1: Premature end of file.
2026-08-13 10:52:31,476 [ERROR] LogOutputStream:75 - [STDERR_REDIRECT] 
2026-08-13 10:52:32,486 [ERROR] LogOutputStream:75 - [STDERR_REDIRECT] [Fatal Error] :1:1: Premature end of file.
2026-08-13 10:52:32,486 [ERROR] LogOutputStream:75 - [STDERR_REDIRECT] 
2026-08-13 10:52:33,476 [ERROR] LogOutputStream:75 - [STDERR_REDIRECT] [Fatal Error] :1:1: Premature end of file.
2026-08-13 10:52:33,476 [ERROR] LogOutputStream:75 - [STDERR_REDIRECT] 
2026-08-13 10:52:34,486 [ERROR] LogOutputStream:75 - [STDERR_REDIRECT] [Fatal Error] :1:1: Premature end of file.
2026-08-13 10:52:34,486 [ERROR] LogOutputStream:75 - [STDERR_REDIRECT] 
2026-08-13 10:52:35,482 [ERROR] LogOutputStream:75 - [STDERR_REDIRECT] [Fatal Error] :1:1: Premature end of file.
2026-08-13 10:52:35,482 [ERROR] LogOutputStream:75 - [STDERR_REDIRECT] 
2026-08-13 10:52:36,479 [ERROR] LogOutputStream:75 - [STDERR_REDIRECT] [Fatal Error] :1:1: Premature end of file.
2026-08-13 10:52:36,479 [ERROR] LogOutputStream:75 - [STDERR_REDIRECT] 
2026-08-13 10:52:37,501 [ERROR] LogOutputStream:75 - [STDERR_REDIRECT] [Fatal Error] :1:1: Premature end of file.
2026-08-13 10:52:37,502 [ERROR] LogOutputStream:75 - [STDERR_REDIRECT] 
2026-08-13 10:52:38,478 [ERROR] LogOutputStream:75 - [STDERR_REDIRECT] [Fatal Error] :1:1: Premature end of file.
2026-08-13 10:52:38,478 [ERROR] LogOutputStream:75 - [STDERR_REDIRECT] 
2026-08-13 10:52:39,499 [ERROR] LogOutputStream:75 - [STDERR_REDIRECT] [Fatal Error] :1:1: Premature end of file.
2026-08-13 10:52:39,499 [ERROR] LogOutputStream:75 - [STDERR_REDIRECT] 
2026-08-13 10:52:40,478 [ERROR] LogOutputStream:75 - [STDERR_REDIRECT] [Fatal Error] :1:1: Premature end of file.
2026-08-13 10:52:40,478 [ERROR] LogOutputStream:75 - [STDERR_REDIRECT] 
2026-08-13 10:52:41,476 [ERROR] LogOutputStream:75 - [STDERR_REDIRECT] [Fatal Error] :1:1: Premature end of file.
2026-08-13 10:52:41,476 [ERROR] LogOutputStream:75 - [STDERR_REDIRECT] 
2026-08-13 10:52:42,474 [ERROR] LogOutputStream:75 - [STDERR_REDIRECT] [Fatal Error] :1:1: Premature end of file.
2026-08-13 10:52:42,475 [ERROR] LogOutputStream:75 - [STDERR_REDIRECT] 
2026-08-13 10:52:43,477 [ERROR] LogOutputStream:75 - [STDERR_REDIRECT] [Fatal Error] :1:1: Premature end of file.
2026-08-13 10:52:43,477 [ERROR] LogOutputStream:75 - [STDERR_REDIRECT] 
2026-08-13 10:52:44,477 [ERROR] LogOutputStream:75 - [STDERR_REDIRECT] [Fatal Error] :1:1: Premature end of file.
2026-08-13 10:52:44,477 [ERROR] LogOutputStream:75 - [STDERR_REDIRECT] 
2026-08-13 10:52:45,474 [ERROR] LogOutputStream:75 - [STDERR_REDIRECT] [Fatal Error] :1:1: Premature end of file.
2026-08-13 10:52:45,474 [ERROR] LogOutputStream:75 - [STDERR_REDIRECT] 
2026-08-13 10:52:46,486 [ERROR] LogOutputStream:75 - [STDERR_REDIRECT] [Fatal Error] :1:1: Premature end of file.
2026-08-13 10:52:46,486 [ERROR] LogOutputStream:75 - [STDERR_REDIRECT] 
2026-08-13 10:52:47,489 [ERROR] LogOutputStream:75 - [STDERR_REDIRECT] [Fatal Error] :1:1: Premature end of file.
2026-08-13 10:52:47,489 [ERROR] LogOutputStream:75 - [STDERR_REDIRECT] 
2026-08-13 10:52:48,490 [ERROR] LogOutputStream:75 - [STDERR_REDIRECT] [Fatal Error] :1:1: Premature end of file.
2026-08-13 10:52:48,490 [ERROR] LogOutputStream:75 - [STDERR_REDIRECT] 
2026-08-13 10:52:49,490 [ERROR] LogOutputStream:75 - [STDERR_REDIRECT] [Fatal Error] :1:1: Premature end of file.
2026-08-13 10:52:49,490 [ERROR] LogOutputStream:75 - [STDERR_REDIRECT] 
2026-08-13 10:52:50,484 [ERROR] LogOutputStream:75 - [STDERR_REDIRECT] [Fatal Error] :1:1: Premature end of file.
2026-08-13 10:52:50,484 [ERROR] LogOutputStream:75 - [STDERR_REDIRECT] 
2026-08-13 10:52:51,487 [ERROR] LogOutputStream:75 - [STDERR_REDIRECT] [Fatal Error] :1:1: Premature end of file.
2026-08-13 10:52:51,487 [ERROR] LogOutputStream:75 - [STDERR_REDIRECT] 
2026-08-13 10:52:52,529 [ERROR] LogOutputStream:75 - [STDERR_REDIRECT] [Fatal Error] :1:1: Premature end of file.
2026-08-13 10:52:52,529 [ERROR] LogOutputStream:75 - [STDERR_REDIRECT] 
2026-08-13 10:52:53,488 [ERROR] LogOutputStream:75 - [STDERR_REDIRECT] [Fatal Error] :1:1: Premature end of file.
2026-08-13 10:52:53,488 [ERROR] LogOutputStream:75 - [STDERR_REDIRECT] 
2026-08-13 10:52:54,484 [ERROR] LogOutputStream:75 - [STDERR_REDIRECT] [Fatal Error] :1:1: Premature end of file.
2026-08-13 10:52:54,485 [ERROR] LogOutputStream:75 - [STDERR_REDIRECT] 
2026-08-13 10:52:55,487 [ERROR] LogOutputStream:75 - [STDERR_REDIRECT] [Fatal Error] :1:1: Premature end of file.
2026-08-13 10:52:55,487 [ERROR] LogOutputStream:75 - [STDERR_REDIRECT] 
2026-08-13 10:52:56,486 [ERROR] LogOutputStream:75 - [STDERR_REDIRECT] [Fatal Error] :1:1: Premature end of file.
2026-08-13 10:52:56,486 [ERROR] LogOutputStream:75 - [STDERR_REDIRECT] 
2026-08-13 10:52:57,496 [ERROR] LogOutputStream:75 - [STDERR_REDIRECT] [Fatal Error] :1:1: Premature end of file.
2026-08-13 10:52:57,496 [ERROR] LogOutputStream:75 - [STDERR_REDIRECT] 
2026-08-13 10:52:58,481 [ERROR] LogOutputStream:75 - [STDERR_REDIRECT] [Fatal Error] :1:1: Premature end of file.
2026-08-13 10:52:58,481 [ERROR] LogOutputStream:75 - [STDERR_REDIRECT] 
2026-08-13 10:52:59,485 [ERROR] LogOutputStream:75 - [STDERR_REDIRECT] [Fatal Error] :1:1: Premature end of file.
2026-08-13 10:52:59,485 [ERROR] LogOutputStream:75 - [STDERR_REDIRECT] 
2026-08-13 10:53:00,485 [ERROR] LogOutputStream:75 - [STDERR_REDIRECT] [Fatal Error] :1:1: Premature end of file.
2026-08-13 10:53:00,485 [ERROR] LogOutputStream:75 - [STDERR_REDIRECT] 
2026-08-13 10:53:01,480 [ERROR] LogOutputStream:75 - [STDERR_REDIRECT] [Fatal Error] :1:1: Premature end of file.
2026-08-13 10:53:01,480 [ERROR] LogOutputStream:75 - [STDERR_REDIRECT] 
2026-08-13 10:53:02,494 [ERROR] LogOutputStream:75 - [STDERR_REDIRECT] [Fatal Error] :1:1: Premature end of file.
2026-08-13 10:53:02,494 [ERROR] LogOutputStream:75 - [STDERR_REDIRECT] 
2026-08-13 10:53:03,492 [ERROR] LogOutputStream:75 - [STDERR_REDIRECT] [Fatal Error] :1:1: Premature end of file.
2026-08-13 10:53:03,493 [ERROR] LogOutputStream:75 - [STDERR_REDIRECT] 
2026-08-13 10:53:04,501 [ERROR] LogOutputStream:75 - [STDERR_REDIRECT] [Fatal Error] :1:1: Premature end of file.
2026-08-13 10:53:04,501 [ERROR] LogOutputStream:75 - [STDERR_REDIRECT] 
2026-08-13 10:53:05,510 [ERROR] LogOutputStream:75 - [STDERR_REDIRECT] [Fatal Error] :1:1: Premature end of file.
2026-08-13 10:53:05,510 [ERROR] LogOutputStream:75 - [STDERR_REDIRECT] 
2026-08-13 10:53:06,491 [ERROR] LogOutputStream:75 - [STDERR_REDIRECT] [Fatal Error] :1:1: Premature end of file.
2026-08-13 10:53:06,491 [ERROR] LogOutputStream:75 - [STDERR_REDIRECT] 
2026-08-13 10:53:07,539 [ERROR] LogOutputStream:75 - [STDERR_REDIRECT] [Fatal Error] :1:1: Premature end of file.
2026-08-13 10:53:07,540 [ERROR] LogOutputStream:75 - [STDERR_REDIRECT] 
